,V_1,V_2,V_3,V_4
0,Terrain de 450 mètres carrés à vendre à Saly Sénégal,12000000,Saly Sénégal,https://dakarvente.com/media/annonces/pics/thumbs/a3e9c4ed961837759d8295ad84201ebb.jpeg
1,Terrain a vendre,6000000,a vendre,https://dakarvente.com/media/annonces/pics/thumbs/e4039836ad20c84ef6f3352e49c4f870.jpeg
2,Villa meublée à louer à Ngaparou Sénégal,220000,Ngaparou Sénégal,https://dakarvente.com/media/annonces/pics/thumbs/224df8642997a426158e1127743c8b90.jpeg
3,Terrain de 6840 vers Notto Diobass,9200000,Notto Diobass,https://dakarvente.com/media/annonces/pics/thumbs/6a0f35260fdd3180276234fe7d07d653.jpeg
4,Terrain de 250 mètres carrés à vendre à Gandigal Sénégal,8000000,Gandigal Sénégal,https://dakarvente.com/media/annonces/pics/thumbs/293fe295c558542cf8a18791ff3c667e.jpeg
5,"Verger de 1,36 hectare à Touba Toul",7250000,Touba Toul,https://dakarvente.com/media/annonces/pics/thumbs/8282096de362414d6ef87e5843f4489f.jpeg
6,Terrain de 500 mètres carrés à vendre à Mbour Sénégal,40000000,Mbour Sénégal,https://dakarvente.com/media/annonces/pics/thumbs/6b2cd5c7b1195747f072d5f22945c386.jpeg
7,Terrain de 300 mètres carrés à vendre à Malicounda Sénégal,8000000,Malicounda Sénégal,https://dakarvente.com/media/annonces/pics/thumbs/cab38765b3789404779e35857c31dc54.jpeg
8,Terrain de 300 mètres carrés à vendre à Mbour Sénégal,25000000,Mbour Sénégal,https://dakarvente.com/media/annonces/pics/thumbs/695e97ee9359e8b62515553652842fb5.jpeg
9,Terrain de 300 mètres carrés à vendre à Mbour Sénégal,23000000,Mbour Sénégal,https://dakarvente.com/media/annonces/pics/thumbs/a6e6931a2d421f02826701586b651a6b.jpeg
10,Terrain de 300 mètres carrés à vendre à Mbour Sénégal,25000000,Mbour Sénégal,https://dakarvente.com/media/annonces/pics/thumbs/d522ff94874cf60e69be086641b78c93.jpeg
11,Terrain de 50 hectares vers Kab Gaye,125000000,Kab Gaye,https://dakarvente.com/media/annonces/pics/thumbs/9ff19d05801eb5d8383b41959fc50d0c.jpeg
12,Lotissement à Ndayane Sénégal,6000000,Ndayane Sénégal,https://dakarvente.com/media/annonces/pics/thumbs/44edc26e59a891db15df5bdbe4ffaac8.jpeg
13,Terrain de 7130 m² vers Touba Toul,4450000,Touba Toul,https://dakarvente.com/media/annonces/pics/thumbs/020b71b2e1ae7c6b0ef419c02b9e7f4a.jpeg
14,Terrain de 1 hectare vers Notto Diobass,4590000,Notto Diobass,https://dakarvente.com/media/annonces/pics/thumbs/fc3cf0c04684f055ea1eab6711da9af8.png
15,TERRAIN LAC ROSE,3200000,LAC ROSE,https://dakarvente.com/media/annonces/pics/thumbs/f63c694eb7ddd4fbf34ca6bdf5073bed.jpg
16,"Terrain de 2,88 hectares vers Khombole",13900000,vers Khombole,https://dakarvente.com/media/annonces/pics/thumbs/6fe8ec0baf284ae29a1895fc49dda498.jpg
17,"Exploitation Agricole de 3,56 hectares vers Thiénaba",67000000,vers Thiénaba,https://dakarvente.com/media/annonces/pics/thumbs/b733d52129909d4044ccd9e0b7da79b1.jpg
18,Terrain de 10 hectares vers Tassette,53000000,vers Tassette,https://dakarvente.com/media/annonces/pics/thumbs/b8c2a4ce22f833db01f55847e5e34e2d.jpeg
19,Terrain de 20 hectares vers Tassette,106000000,vers Tassette,https://dakarvente.com/media/annonces/pics/thumbs/66d6a2b28cd07e6e3e38a4f2f91ee454.jpeg
20,"Terrain de 47,35 hectares vers Tassette",249100000,vers Tassette,https://dakarvente.com/media/annonces/pics/thumbs/7ca88686be7c869a3218d0e3923677ab.jpeg
21,Terrain de 8200 m² vers Tassette,5300000,vers Tassette,https://dakarvente.com/media/annonces/pics/thumbs/d76447cd3c71dbe60be914d22bd44058.jpeg
22,Terrain de 150 mètres carrés à vendre à Malicounda Sénégal,6000000,Malicounda Sénégal,https://dakarvente.com/media/annonces/pics/thumbs/e89035d275d74023c3abe148b9466c84.jpeg
23,Terrain de 22 hectares vers Thiénaba,129250000,vers Thiénaba,https://dakarvente.com/media/annonces/pics/thumbs/027d488c6efa0d31f365a1151f015cd5.jpeg
24,Terrain de 4 hectares vers Thienaba,23600000,vers Thienaba,https://dakarvente.com/media/annonces/pics/thumbs/2a8c437bcab54835b137fbe4e3aa56f2.jpg
25,"Location d’une Exploitation Agricole de 2,25 hectares vers Diender",275000,vers Diender,https://dakarvente.com/media/annonces/pics/thumbs/fd48dd55fbcff491367ef20fec5d5327.jpg
26,Terrain de 300 mètres carrés à vendre à Malicounda Sénégal,12000000,Malicounda Sénégal,https://dakarvente.com/media/annonces/pics/thumbs/2eb0c72cfc0ea3d63544a3d5f168510a.jpeg
27,Terrain de 22 hectares vers Thiénaba,129250000,vers Thiénaba,https://dakarvente.com/media/annonces/pics/thumbs/1f29d9a37f47049c9a199faaa6a632c5.jpeg
28,Terrain de 4 hectares vers Thienaba,23600000,vers Thienaba,https://dakarvente.com/media/annonces/pics/thumbs/70fb486b956064ed57beb4c375c76909.jpg
29,Terrains à vendre à Diamniadio ,11000000,à Diamniadio,https://dakarvente.com/media/annonces/pics/thumbs/af74744762f9e23c92b4f2031d30c801.jpeg
30,"Maison à louer à Ngaparou, Sénégal",200000,"Ngaparou, Sénégal",https://dakarvente.com/media/annonces/pics/thumbs/f3c4987954a12b87a20a217983a59cbc.jpeg
31,"Location d’une Exploitation Agricole de 2,25 hectares vers Diender",275000,vers Diender,https://dakarvente.com/media/annonces/pics/thumbs/738228ea1884223aa338932eae61f46b.jpg
32,Terrain de 4 hectares vers Thienaba,23600000,vers Thienaba,https://dakarvente.com/media/annonces/pics/thumbs/2d15e9868f6a1025603d5ff5c7ba73c6.jpg
33,Terrain de 4 hectares vers Thienaba,23600000,vers Thienaba,https://dakarvente.com/media/annonces/pics/thumbs/08eac99f8a945bcd15d509d6f2a50986.jpg
34,Terrain de 22 hectares vers Thiénaba,129250000,vers Thiénaba,https://dakarvente.com/media/annonces/pics/thumbs/a3fa108ec563fa9b2923ae898bf6dd7c.jpeg
35,"Terrain de 2,88 hectares vers Khombole",13900000,vers Khombole,https://dakarvente.com/media/annonces/pics/thumbs/228d0ccaa875ea497684e3b17a9c8104.jpg
36,"Exploitation Agricole de 3,56 hectares vers Thiénaba",67000000,vers Thiénaba,https://dakarvente.com/media/annonces/pics/thumbs/d5aeaf7793f3c43ffa23e6014a22d624.jpg
37,Terrain de 10 hectares vers Tassette,53000000,vers Tassette,https://dakarvente.com/media/annonces/pics/thumbs/ff410b11d071bb54283b7248731dbbc2.jpeg
38,Terrain de 20 hectares vers Tassette,106000000,vers Tassette,https://dakarvente.com/media/annonces/pics/thumbs/e66bba4a516ca7e827c21b17090ea324.jpeg
39,"Terrain de 47,35 hectares vers Tassette",250966000,vers Tassette,https://dakarvente.com/media/annonces/pics/thumbs/9f173f77345f7a2ea8b26cb9b3eb0183.jpeg
40,Terrain de 8200 m² vers Tassette,5300000,vers Tassette,https://dakarvente.com/media/annonces/pics/thumbs/10e27438c631b8e9692b4e12d5201c10.jpeg
41,Terrain de 300 mètres carrés à vendre à Saly Sénégal,17000000,Saly Sénégal,https://dakarvente.com/media/annonces/pics/thumbs/ef46c82b1a5d8a9960c49c31bbdbe4b3.jpeg
42,Terrain de 450 mètres carrés à vendre à Saly Sénégal,18000000,Saly Sénégal,https://dakarvente.com/media/annonces/pics/thumbs/e2a79ed4013c7264a4c0190840609881.jpeg
43,Terrain de 300 mètres carrés à vendre à Saly Sénégal,10000000,Saly Sénégal,https://dakarvente.com/media/annonces/pics/thumbs/4ed86461689676088cb5a559b73cbc4f.jpeg
44,Terrain a Vendre,3800000,a Vendre,https://dakarvente.com/media/annonces/pics/thumbs/82dba9da685a530afaf066a50a22cc32.jpg
45,Terrain de 600 mètres carrés à vendre à Saly Sénégal,30000000,Saly Sénégal,https://dakarvente.com/media/annonces/pics/thumbs/45b55dfc25bdf29272f41c3ca8467286.jpeg
46,Terrain de 300 mètres carrés à vendre à Saly Sénégal,15000000,Saly Sénégal,https://dakarvente.com/media/annonces/pics/thumbs/de229b0cf72679ac30604b6d5c1ff426.jpeg
47,lotissement à toubab dialaw sénégal,30000000,dialaw sénégal,https://dakarvente.com/media/annonces/pics/thumbs/ffa402c78561832d5e2a4a906fa198f2.jpg
48,Terrain de 300 mètres carrés à vendre à Saly Sénégal,15000000,Saly Sénégal,https://dakarvente.com/media/annonces/pics/thumbs/4ac3794fdb9ba6afb099bf4f51a0dee0.jpeg
49,Terrain de 300 mètres carrés à vendre à Saly Sénégal,10000000,Saly Sénégal,https://dakarvente.com/media/annonces/pics/thumbs/eeb3885d462735b0f5ace718aafa6171.jpeg
50,"Terrain de 2,42 hectares vers Touba Toul",10455696,Touba Toul,https://dakarvente.com/media/annonces/pics/thumbs/2128816ad965bd7236bc1cbfdd64d00f.jpeg
51,"Terrain de 1,69 hectare vers Tassette",9408000,vers Tassette,https://dakarvente.com/media/annonces/pics/thumbs/2caf9c08f1377216854f7af77b9b158d.jpeg
52,Terrain de 8579 m² vers Notto Diobass,8900000,Notto Diobass,https://dakarvente.com/media/annonces/pics/thumbs/2713ac99848021254ba20b605526521f.jpeg
53,"Terrain de 2,18 hectares vers Diourbel",10373050,vers Diourbel,https://dakarvente.com/media/annonces/pics/thumbs/f789fe5ba00a333963f67b40eacc3b76.jpeg
54,"Terrain de 1,54 hectare vers Nghaye",7200000,vers Nghaye,https://dakarvente.com/media/annonces/pics/thumbs/089e31b92b95b5ada0ad0ffe70b65f01.jpeg
55,Terrain de 8098 m² vers Touba Toul,4700000,Touba Toul,https://dakarvente.com/media/annonces/pics/thumbs/5123daf7a99f826e0bab48c391176050.jpeg
56,"Terrain de 1,34 hectare vers Baba Garage",3900000,Baba Garage,https://dakarvente.com/media/annonces/pics/thumbs/a6b9d43d25a77f34fcec914bd4b0a2e9.jpg
57,"Terrain de 1,04 hectare vers Diossong",5400000,vers Diossong,https://dakarvente.com/media/annonces/pics/thumbs/3cb78e74a4ec3c848f9cf036f5708229.jpeg
58,"Terrain de 5,01 hectares vers Touba Toul",23750000,Touba Toul,https://dakarvente.com/media/annonces/pics/thumbs/f8913fab194879e114bbba41d51f2529.jpeg
59,Terrain de 9511 m² vers Baba Garage,3600000,Baba Garage,https://dakarvente.com/media/annonces/pics/thumbs/8c6ab27afb3aa557a792c515054ca50f.jpeg
60,Terrain de 9012 m² vers Notto Diobass,6200000,Notto Diobass,https://dakarvente.com/media/annonces/pics/thumbs/fb4386e9c129c4df4b0688b02d2f6f94.jpeg
61,Terrain de 5 hectares vers Ross Béthio,5000000,Ross Béthio,https://dakarvente.com/media/annonces/pics/thumbs/33ff1bc89bc4f73d9b022748f253db2d.jpeg
62,TERRAIN À VENDRE SIPRES MBAO,35000000,SIPRES MBAO,https://dakarvente.com/media/annonces/pics/thumbs/ec39f1a1cc7f771ad82ffb995078deac.jpeg
63,TERRAIN À VENDRE SIPRES MBAO,80000000,SIPRES MBAO,https://dakarvente.com/media/annonces/pics/thumbs/6e28407e3d5ff99a02149d21a988e5e8.jpeg
64,TERRAIN À VENDRE OUAKAM,85000000,VENDRE OUAKAM,https://dakarvente.com/media/annonces/pics/thumbs/3a71916cbdde1383c5c4d2f93e5205b4.jpeg
65,TERRAIN À VENDRE SOMONE,25000000,VENDRE SOMONE,https://dakarvente.com/media/annonces/pics/thumbs/0d9253d4ad3072c660bc11ec63e898ae.jpeg
66,Terrain de 294 mètres carrés à vendre à Saly Sénégal,18000000,Saly Sénégal,https://dakarvente.com/media/annonces/pics/thumbs/79be3dbb758e3a6718810c9db34badd0.jpeg
67,Terrain de 165 mètres carrés à vendre à Saly Sénégal,5000000,Saly Sénégal,https://dakarvente.com/media/annonces/pics/thumbs/6b2142aae2a5b0e5bcfb6075007fa134.jpeg
68,Terrain de 600 mètres carrés à vendre à Saly Sénégal,40000000,Saly Sénégal,https://dakarvente.com/media/annonces/pics/thumbs/24845afc249a5c9d7c159c5baa781bed.jpeg
69,VENTE DE TERRAINS,2500000,DE TERRAINS,https://dakarvente.com/media/annonces/pics/thumbs/8638ab10e728ff2b04d246d1d48990ca.jpg
70,Terrain de 1000 mètres carrés à vendre à Toubab Dialaw Sénégal,20000000,Dialaw Sénégal,https://dakarvente.com/media/annonces/pics/thumbs/fdb6f8215f389cb87007e60f7236a585.jpeg
71,Terrain de 200 mètres carrés à vendre à Toubab Dialaw Sénégal,12000000,Dialaw Sénégal,https://dakarvente.com/media/annonces/pics/thumbs/fc00c1e7b1d174374d3714a54e01e0dd.jpeg
72,Terrain 192m2 Keur Massar,170000000,Keur Massar,https://dakarvente.com/media/annonces/pics/thumbs/28ded8c87e6673f041c5e68ab0bdc84d.jpg
73,terrain à vendre,180000000,à vendre,https://dakarvente.com/media/annonces/pics/thumbs/8264d4a3142730d4c77dca9aaa85694f.jpeg
74,Terrain de 4013 m² vers Nguéniène,3600000,vers Nguéniène,https://dakarvente.com/media/annonces/pics/thumbs/d54e15f33715f96627ea42a162b6813b.jpeg
75,Terrain de 9511 m² vers Baba Garage,3600000,Baba Garage,https://dakarvente.com/media/annonces/pics/thumbs/4ab953046043a68c7841c3d301d48bf4.jpeg
76,Terrain de 8579 m² vers Notto Diobass,8900000,Notto Diobass,https://dakarvente.com/media/annonces/pics/thumbs/b8b972f1c76bb94618d5be295899c5af.jpeg
77,Terrain de 5804 m² vers Dalla Ngabou,6000000,Dalla Ngabou,https://dakarvente.com/media/annonces/pics/thumbs/d53571cd888604da9a1accd5ddef3ecc.jpeg
78,Terrain a Vendre,6500000,a Vendre,https://dakarvente.com/media/annonces/pics/thumbs/e57cac319a70e9b379609ed9ef6a33ea.jpg
79,Terrain à vendre Ngor Almadies ,100000000,Ngor Almadies,https://dakarvente.com/media/annonces/pics/thumbs/b7b1739d6392650a623f5466b7eb0a4c.jpg
80,Terrain de 1 hectare vers Notto Diobass,4590000,Notto Diobass,https://dakarvente.com/media/annonces/pics/thumbs/9710a4e03ebed73d678766b229dc4db7.png
81,Terrain à vendre à yenne,2000000,à yenne,https://dakarvente.com/media/annonces/pics/thumbs/41ef06a8b439539381b4d339b5036f63.jpeg
82,Terrain de 500 mètres carrés à vendre à Mbour Sénégal,25000000,Mbour Sénégal,https://dakarvente.com/media/annonces/pics/thumbs/47486fc24b90ef3047c36fa173160552.jpeg
83,Terrain de 300 mètres carrés à vendre à Malicounda Sénégal,9000000,Malicounda Sénégal,https://dakarvente.com/media/annonces/pics/thumbs/3ba9546b551e1576a2e6c75b66f49510.jpeg
84,Terrain de 300 mètres carrés à vendre à Malicounda Sénégal,12000000,Malicounda Sénégal,https://dakarvente.com/media/annonces/pics/thumbs/294daa4ccabd7ebb014d43a3294c8725.jpeg
85,Terrain de 600 mètres carrés à vendre à Malicounda Sénégal,22000000,Malicounda Sénégal,https://dakarvente.com/media/annonces/pics/thumbs/1375b9e43c592fabfb9abd52c1cc8706.jpeg
86,Terrain lac rose,12000000,lac rose,https://dakarvente.com/media/annonces/pics/thumbs/2db9f7ea0747133d271d15a7e7941c46.jpeg
87,Terrain de 2 hectares vers Tassette,12600000,vers Tassette,https://dakarvente.com/media/annonces/pics/thumbs/1271a5b7c90bafcb6b9e65490259a7e1.jpeg
88,Terrain de 3 hectares vers Tassette,14250000,vers Tassette,https://dakarvente.com/media/annonces/pics/thumbs/b4fd0980fd43ab730291202f7b971cc8.jpeg
89,"Verger de 1,50 hectare vers Mboro",21000000,vers Mboro,https://dakarvente.com/media/annonces/pics/thumbs/94235710fd9dca9de59bd18ae9da9791.jpeg
90,Terrain de 300 mètres carrés à vendre à Malicounda Sénégal,10000000,Malicounda Sénégal,https://dakarvente.com/media/annonces/pics/thumbs/dbdfe7d5c68e5fd73843cc29c30abeeb.jpeg
91,Terrain de 600 mètres carrés à vendre à Gandigal Sénégal,13500000,Gandigal Sénégal,https://dakarvente.com/media/annonces/pics/thumbs/f0634503f50c5497ccb3c2626cba7a6f.jpeg
92,Terrain de 4013 m² vers Nguéniène,3600000,vers Nguéniène,https://dakarvente.com/media/annonces/pics/thumbs/bf7e2e8453d30a8947f74d94a15231e5.jpeg
93,Terrain de 8098 m² vers Tassette,4500000,vers Tassette,https://dakarvente.com/media/annonces/pics/thumbs/c5e257ea893d7c70736d530bc9844c85.jpeg
94,"Terrain de 2,65 hectares vers Touba Toul",9300000,Touba Toul,https://dakarvente.com/media/annonces/pics/thumbs/0129289201871ffee04e2c0183c1745a.jpeg
95,Vente de terrain,5000000,de terrain,https://dakarvente.com/media/annonces/pics/thumbs/5b7a9b90228bf6522c8fb1622197b278.jpeg
96,Terrain a vendre,2500000,a vendre,https://dakarvente.com/media/annonces/pics/thumbs/5e1d6de6c45ba9048b4b0e218db74434.jpeg
97,Verger de 7310 m² vers Tassette,6500000,vers Tassette,https://dakarvente.com/media/annonces/pics/thumbs/4c041189f4ea97354246cab6c165a6ff.jpeg
98,Location d’une Exploitation Agricole de 10 hectares vers Tassette,900000,vers Tassette,https://dakarvente.com/media/annonces/pics/thumbs/92f42a4015f00173c472f3ea4a851387.jpeg
99,Verger de 2 hectares vers Tassette,89000000,vers Tassette,https://dakarvente.com/media/annonces/pics/thumbs/20e38987f96e15cacf22ddaf7e9bf7db.jpeg
100,Terrain 300m2 angles,5500000,300m2 angles,https://dakarvente.com/img/nophoto.png
101,Terrain de 2963 m² vers Diourbel,4450000,vers Diourbel,https://dakarvente.com/media/annonces/pics/thumbs/00a608c7939ab0823451c8dc417e36ab.jpeg
102,Terrain de 225 mètres carrés à vendre à Saly Sénégal,8000000,Saly Sénégal,https://dakarvente.com/media/annonces/pics/thumbs/79c4815dd65b1c164f90dfdaadb9bcac.jpeg
103,Ferme Avicole de 8457 m² vers Fandéne,36350000,vers Fandéne,https://dakarvente.com/media/annonces/pics/thumbs/2d122b1808573cf604da4897d83cb692.jpeg
104,"Terrain de 2,50 hectares vers Thieytou",12500000,vers Thieytou,https://dakarvente.com/media/annonces/pics/thumbs/6f30f124f51669c995849eb8655d58d0.jpeg
105,Terrains agricoles en vente ,120000000,en vente,https://dakarvente.com/media/annonces/pics/thumbs/a0662b0326052589a1d7a8aa0789505d.jpg
106,Terrain à vendre Almadies 2,30000000,Almadies 2,https://dakarvente.com/media/annonces/pics/thumbs/6fbf3dadb00e43d66cdd5d36c45ea7bf.jpeg
107,Terrain à vendre sur ndayane ,6500000,sur ndayane,https://dakarvente.com/media/annonces/pics/thumbs/71f79d77539aa2ad208de5b0dfbe55f4.jpeg
108,TERRAIN A VENDRE,20000000,A VENDRE,https://dakarvente.com/img/nophoto.png
109,"Terrain de 1,69 hectare vers Tassette",9408000,vers Tassette,https://dakarvente.com/media/annonces/pics/thumbs/97f1e7fdb4f22aabc0cd6748d6f8cd5b.jpeg
110,Terrain de 7842 m² vers Notto Diobass,4975000,Notto Diobass,https://dakarvente.com/media/annonces/pics/thumbs/66e0f5fad377664f9fa6747824f353f8.jpeg
111,Terrain de 9739 m² vers Tassette,4365000,vers Tassette,https://dakarvente.com/media/annonces/pics/thumbs/e6a1d1bea419d553816d4f7cb0c351c9.jpg
112,Terrain de 8373 m² vers Tassette,4705000,vers Tassette,https://dakarvente.com/media/annonces/pics/thumbs/aac60aa96bd3ae5df9f9785fbd283844.jpeg
113,Terrain de 7130 m² vers Touba Toul,4450000,Touba Toul,https://dakarvente.com/media/annonces/pics/thumbs/f34d4f9c4821a45d38dd8fe7695e6522.jpeg
114,"Terrain de 250 mètres carrés à vendre à Diamaguene, Sénégal",7500000,"Diamaguene, Sénégal",https://dakarvente.com/media/annonces/pics/thumbs/c19a7843f7e397332d5214703921e20d.jpeg
115,Terrain de 316 mètres carrés à vendre à Saly Sénégal,40000000,Saly Sénégal,https://dakarvente.com/media/annonces/pics/thumbs/97760b0db28a2efba77b160149ed0e4e.jpeg
116,KATOS CONSULTING EST UNE ENTREPRISE IMMOBILIERE LEADER DANS LE SECTEUR DU BTP AU SENEGAL,6000000,AU SENEGAL,https://dakarvente.com/media/annonces/pics/thumbs/48cdb9848e3fcc9e74e7538db78930bb.jpg
117,Terrain de 300 mètres carrés à vendre à Saly Sénégal,15000000,Saly Sénégal,https://dakarvente.com/media/annonces/pics/thumbs/6b8f33f499b0e034468144346121667e.jpeg
118,KATOS CONSULTING EST UNE ENTREPRISE IMMOBILIERE LEADER DANS LE SECTEUR DU BTP AU SENEGAL,3500000,AU SENEGAL,https://dakarvente.com/media/annonces/pics/thumbs/1f0b71acb96bfdd4f9799964bcb65f17.jpg
119,KATOS CONSULTING EST UNE ENTREPRISE IMMOBILIERE LEADER DANS LE SECTEUR DU BTP AU SENEGAL,4000000,AU SENEGAL,https://dakarvente.com/media/annonces/pics/thumbs/e5886792f4ec733048f41b3bae705ce2.jpg
120,Terrains 180m2 Diass Touly coté Ter,1000000,coté Ter,https://dakarvente.com/media/annonces/pics/thumbs/af861fdaaa6b3eaeba5638302c8bd937.jpg
121,Terrain de 300 mètres carrés à vendre à Saly Sénégal,15000000,Saly Sénégal,https://dakarvente.com/media/annonces/pics/thumbs/20eaf166de5ef2ee336430362177b8a7.jpeg
122,KATOS CONSULTING EST UNE ENTREPRISE IMMOBILIERE LEADER DANS LE SECTEUR DU BTP AU SENEGAL,3500000,AU SENEGAL,https://dakarvente.com/media/annonces/pics/thumbs/e5583d9c6219d5152eaa92a5a3840bc0.jpg
123,Terrain de 500 mètres carrés à vendre à Mbour Sénégal,16000000,Mbour Sénégal,https://dakarvente.com/media/annonces/pics/thumbs/06f010da16175c79c43d8f86d5db45f9.jpeg
124,Vente de terrains 180m² - 150m² Tivaoune Peulh,6000000,Tivaoune Peulh,https://dakarvente.com/media/annonces/pics/thumbs/d7a788f45353528d449cea3703eda993.jpg
125,Vente de terrain 250m² Ndayane,4000000,250m² Ndayane,https://dakarvente.com/media/annonces/pics/thumbs/c690599ad8b13693aff5410ffde08032.jpg
126,KATOS CONSULTING EST UNE ENTREPRISE IMMOBILIERE LEADER DANS LE SECTEUR DU BTP AU SENEGAL,6000000,AU SENEGAL,https://dakarvente.com/media/annonces/pics/thumbs/f5e77b659eba70d04e99d58072233b3a.jpg
127,KATOS CONSULTING EST UNE ENTREPRISE IMMOBILIERE LEADER DANS LE SECTEUR DU BTP AU SENEGAL,3500000,AU SENEGAL,https://dakarvente.com/media/annonces/pics/thumbs/9d986a7971b4f9354d2e8c669dbbbd90.jpg
128,Depot 655m2 HLM SODIDA,425000000,HLM SODIDA,https://dakarvente.com/media/annonces/pics/thumbs/26578153411dfe9e7b8a7d490dbb2af9.jpg
129,VERIFICATION DE VOS TERRAINS,100000,VOS TERRAINS,https://dakarvente.com/media/annonces/pics/thumbs/b165d4dd088ad92eec8992d8c85f137e.jpg
130,Vente de terrain 150m² DIAMNIADIO,7000000,150m² DIAMNIADIO,https://dakarvente.com/media/annonces/pics/thumbs/fedf0f10bc6d087b411c5de182c17e77.jpg
131,Vente de terrains 250m² à Ndayane,3500000,à Ndayane,https://dakarvente.com/media/annonces/pics/thumbs/28de01f1b2cb97740542dace6f114300.jpg
132,Vente de terrains 180m² - 150m² YENE,3500000,150m² YENE,https://dakarvente.com/media/annonces/pics/thumbs/ab6503a6efc25bd8d7613a6f22d7e305.jpg
133,Vente de terrains 300m² Ndayane,6000000,300m² Ndayane,https://dakarvente.com/media/annonces/pics/thumbs/ac79a529e9ab83e9a9965186eeebeeab.jpg
134,Vente de Terrains 300m² sur le site de Ndayane,5500000,de Ndayane,https://dakarvente.com/media/annonces/pics/thumbs/c3dd0c26490d19cdd3489f0aabfcca2b.jpg
135,KATOS CONSULTING EST UNE ENTREPRISE IMMOBILIERE LEADER DANS LE SECTEUR DU BTP AU SENEGAL,5500000,AU SENEGAL,https://dakarvente.com/media/annonces/pics/thumbs/535b01c98085993b38781875cf8bdc9f.jpg
136,Terrain à Tivaoune peulh,6000000,Tivaoune peulh,https://dakarvente.com/media/annonces/pics/thumbs/314f4f9a95b43dc12f6a26a231f4686e.jpeg
137,Terrain à Guéreo,6000000,à Guéreo,https://dakarvente.com/media/annonces/pics/thumbs/22e31080d69abf2573162964d7018943.jpeg
138,KATOS CONSULTING EST UNE ENTREPRISE IMMOBILIERE LEADER DANS LE SECTEUR DU BTP AU SENEGAL,3500000,AU SENEGAL,https://dakarvente.com/media/annonces/pics/thumbs/b4acb24c723ecc83fb4d4a0c6bf45adb.jpg
139,KATOS CONSULTING EST UNE ENTREPRISE IMMOBILIERE LEADER DANS LE SECTEUR DU BTP AU SENEGAL,6000000,AU SENEGAL,https://dakarvente.com/media/annonces/pics/thumbs/45bad62ffb84976567ecc6d494740893.jpg
140,Vente de terrains 180m² TIVAOUNE PEULH,6000000,TIVAOUNE PEULH,https://dakarvente.com/media/annonces/pics/thumbs/292ea794fb11ee5601cb757bad59eaca.jpg
141,Vente de terrains 300m² GUERE0,6000000,300m² GUERE0,https://dakarvente.com/media/annonces/pics/thumbs/1bd42e845581ae7dcc4ca51b9858a52e.jpg
142,Terrain à vendre à Ndayane Ngaba,3500000,Ndayane Ngaba,https://dakarvente.com/media/annonces/pics/thumbs/9399bc848c97f5802be14a4714a038e3.jpeg
143,Terrain de 300 mètres carrés à vendre à Saly Sénégal,20000000,Saly Sénégal,https://dakarvente.com/media/annonces/pics/thumbs/84eaf75b0df3633bd533be88e0c74b65.jpeg
144,Vente de terrains 300m² NDAYANE,5500000,300m² NDAYANE,https://dakarvente.com/media/annonces/pics/thumbs/a205ecd9cf5b7f06ddb496f331518c4b.jpg
145,TERRAIN A VENDRE SINDIA,10000000,VENDRE SINDIA,https://dakarvente.com/media/annonces/pics/thumbs/05ebca4cb0b2acc49cab68a4f1190bd1.jpg
146,vente de terrains 150m² TOUBAB DIALAO,3500000,TOUBAB DIALAO,https://dakarvente.com/media/annonces/pics/thumbs/a345f407fd8a1f5a55a2ad106117df79.jpg
147,Vente de terrains 180m² - 150m² YENNE,3500000,150m² YENNE,https://dakarvente.com/media/annonces/pics/thumbs/58d6937e95d713655d7b46b4417d0d53.jpg
148,Vente de terrains 250m² Ndayane,3000000,250m² Ndayane,https://dakarvente.com/media/annonces/pics/thumbs/d9e8ae44dccb99bfbd4e4d599191cba9.jpg
149,Terrain de 300 mètres carrés à vendre à Saly Sénégal,12500000,Saly Sénégal,https://dakarvente.com/media/annonces/pics/thumbs/8ddd815c33de02ee06f302b50e102bf1.jpeg
150,Vente de terrains 300m² NDAYANE,6000000,300m² NDAYANE,https://dakarvente.com/media/annonces/pics/thumbs/d2d3063f629d8847307e78ad3ab7238a.jpg
151,KATOS CONSULTING EST UNE ENTREPRISE IMMOBILIERE LEADER DANS LE SECTEUR DU BTP AU SENEGAL,3500000,AU SENEGAL,https://dakarvente.com/media/annonces/pics/thumbs/7510ec9ea8f6548b4389529e17ce0ed7.jpg
152,VERIFICATION DE VOS TERRAINS,6000000,VOS TERRAINS,https://dakarvente.com/media/annonces/pics/thumbs/083ca7036028a48c8ecc8965540135bf.jpg
153,Terrain de 600 mètres carrés à vendre à Saly Sénégal,25000000,Saly Sénégal,https://dakarvente.com/media/annonces/pics/thumbs/582a5326702cc8694bbd89ef9b81c01b.jpeg
154,KATOS CONSULTING EST UNE ENTREPRISE IMMOBILIERE LEADER DANS LE SECTEUR DU BTP AU SENEGAL,6000000,AU SENEGAL,https://dakarvente.com/media/annonces/pics/thumbs/47e3c361f9c83a8b67026362ab7541a7.jpg
155,KATOS CONSULTING EST UNE ENTREPRISE IMMOBILIERE LEADER DANS LE SECTEUR DU BTP AU SENEGAL,6000000,AU SENEGAL,https://dakarvente.com/media/annonces/pics/thumbs/0ee01dc3ee64128c836128a19a07f8f9.jpg
156,Terrain de 600 mètres carrés à vendre à Mbour Sénégal,50000000,Mbour Sénégal,https://dakarvente.com/media/annonces/pics/thumbs/7f8bc9469b4cd16ef7735beab60d3b4d.jpeg
157,Terrain de 300 mètres carrés à vendre à Saly Sénégal,17000000,Saly Sénégal,https://dakarvente.com/media/annonces/pics/thumbs/8e67f386d9181f8e946535753ead436f.jpeg
158,Terrain de 300 mètres carrés à vendre à Saly Sénégal,17000000,Saly Sénégal,https://dakarvente.com/media/annonces/pics/thumbs/c62a9d0d00e75907725fc55e57afdc74.jpeg
159,Terrains de 300 mètres carrés à vendre à la somone Sénégal,30000000,somone Sénégal,https://dakarvente.com/media/annonces/pics/thumbs/f1a37407c7267cc21ac0e17312688ab2.jpg
160,Vente de terrains,6000000,de terrains,https://dakarvente.com/img/nophoto.png
161,Terrain de 300 mètres carrés à vendre à Malicounda Sénégal,8500000,Malicounda Sénégal,https://dakarvente.com/media/annonces/pics/thumbs/f446e420e1a2fda5a3e7a5d68a2f62e1.jpeg
162,Terrain de 600 mètres carrés à vendre à la Somone Sénégal,40000000,Somone Sénégal,https://dakarvente.com/media/annonces/pics/thumbs/c24703b456e1996aa7be62d7f50c6495.jpeg
163,Terrain de 680 mètres carrés à vendre à la Somone Sénégal,57000000,Somone Sénégal,https://dakarvente.com/media/annonces/pics/thumbs/b5a1d178c7c3469862566cd8736e06c6.jpeg
164,KATOS CONSULTING EST UNE ENTREPRISE IMMOBILIERE LEADER DANS LE SECTEUR DU BTP AU SENEGAL,6000000,AU SENEGAL,https://dakarvente.com/media/annonces/pics/thumbs/056ea6f1a0ff94b8ed946773b28bacc0.jpg
165,Terrain vendre à Ndiakhirate,6000000,à Ndiakhirate,https://dakarvente.com/media/annonces/pics/thumbs/2884487f36b4a6f2e0098e3b02d0cac1.jpeg
166,KATOS CONSULTING EST UNE ENTREPRISE IMMOBILIERE LEADER DANS LE SECTEUR DU BTP AU SENEGAL,6000000,AU SENEGAL,https://dakarvente.com/media/annonces/pics/thumbs/d9d1aa4b700a8ec440f26d70b3feb2fa.jpg
167,Terrain de 300 mètres carrés à vendre à Saly Sénégal,15000000,Saly Sénégal,https://dakarvente.com/media/annonces/pics/thumbs/47ee9671902b7b07ce86818a05005708.jpeg
168,Terrain à vendre à Ndayane extension/Résidence,6000000,Ndayane extension/Résidence,https://dakarvente.com/media/annonces/pics/thumbs/3c219426b13ea5f7b62d643617c6d1ed.jpeg
169,Lots de parcelles TF à vendre à Kounoune Rufisque,24000000,Kounoune Rufisque,https://dakarvente.com/media/annonces/pics/thumbs/99c6f026070c4fb008d8aecaf1043ef8.jpg
170,KATOS CONSULTING EST UNE ENTREPRISE IMMOBILIERE LEADER DANS LE SECTEUR DU BTP AU SENEGAL,6000000,AU SENEGAL,https://dakarvente.com/media/annonces/pics/thumbs/e8c191d31e9422271b1e9f3ef0dc8235.jpg
171,TERRAIN A VENNDRE A ZAC MBAO,40000000,ZAC MBAO,https://dakarvente.com/media/annonces/pics/thumbs/b216ac9e6f681cef52be09444726f80d.jpg
172,TERRAINS A VENDRE A NDIAKHIRATE,12500000,A NDIAKHIRATE,https://dakarvente.com/media/annonces/pics/thumbs/d2c84cc67165f8d3ac250ad8588ce011.jpg
173,TERRAINS A VENDRE A THIES,2000000,A THIES,https://dakarvente.com/media/annonces/pics/thumbs/da9c19fdb262c44237649c16cd7bcbf4.jpeg
174,Terrain de 300 mètres carrés à vendre à Malicounda Sénégal,6000000,Malicounda Sénégal,https://dakarvente.com/media/annonces/pics/thumbs/c62e0284921f68fe9c3b4bd3cbe3a116.jpeg
175,Terrain de 300 mètres carrés à vendre à Mbour Sénégal,17000000,Mbour Sénégal,https://dakarvente.com/media/annonces/pics/thumbs/07b46f7bdbecf039acfea78ea0a476c0.png
176,Terrain de 300 mètres carrés à vendre à Saly Sénégal,20000000,Saly Sénégal,https://dakarvente.com/media/annonces/pics/thumbs/d93088b3ae882d5f87dfac9503c32c5c.png
177,Terrain TF Bambilor ,12750000,TF Bambilor,https://dakarvente.com/media/annonces/pics/thumbs/24026c925270252bf11c6284b8a450b4.jpg
178,Terrain de 300 mètres carrés à vendre à Mbour Sénégal,25000000,Mbour Sénégal,https://dakarvente.com/media/annonces/pics/thumbs/f1a9a24b7b48e091a825db517f53e603.jpeg
179,Terrain nu à vendre ,12500000,à vendre,https://dakarvente.com/media/annonces/pics/thumbs/d8387597ac080e97eded8e2e94256bff.png
180,Terrains Tivaoune peul coté terminus 69,3000000,terminus 69,https://dakarvente.com/media/annonces/pics/thumbs/0ecc53120ba4ed4225598f5a2dcacbc9.jpg
181,Terrains 225m2 Diass Landou coté peage,800000,coté peage,https://dakarvente.com/media/annonces/pics/thumbs/140794cca1ae3b18696d8a416357b076.jpg
182,Terrains 180m2 Diass Touly,1500000,Diass Touly,https://dakarvente.com/media/annonces/pics/thumbs/759e7179bc334781f9cc8d0871c0836a.jpg
183,Lotissement Malicounda Keur Malick BA,1800000,Malick BA,https://dakarvente.com/media/annonces/pics/thumbs/70d9ead7dcdde5fa0b9882157d8fb747.jpeg
184,Terrain de 300 mètres carrés à vendre à Malicounda Sénégal,5000000,Malicounda Sénégal,https://dakarvente.com/media/annonces/pics/thumbs/514adbd82f97384842732c4fc752f69e.jpeg
185,Terrain de 300 mètres carrés à vendre à Malicounda Sénégal,20000000,Malicounda Sénégal,https://dakarvente.com/media/annonces/pics/thumbs/6330b6a0271f237f7274e700966867c3.jpeg
186,Terrain de 300 mètres carrés à vendre à Malicounda Sénégal,8000000,Malicounda Sénégal,https://dakarvente.com/media/annonces/pics/thumbs/70a62cab1b17e888afe2e574d4864bc3.jpeg
187,"Terrain de 1,16 hectare vers Notto Diobass",6700000,Notto Diobass,https://dakarvente.com/media/annonces/pics/thumbs/0230ade8d757f06979841d51417f20c9.jpeg
188,"Terrain de 1,97 hectare vers Diourbel",8865000,vers Diourbel,https://dakarvente.com/media/annonces/pics/thumbs/3fd950e308dfe1eea71aca976552e19b.jpeg
189,KATOS CONSULTING EST UNE ENTREPRISE IMMOBILIERE LEADER DANS LE SECTEUR DU BTP AU SENEGAL,3000000,AU SENEGAL,https://dakarvente.com/media/annonces/pics/thumbs/b21fe5863c9f7fa6b18552658a5501c3.jpg
190,Terrain de 300 mètres carrés à vendre à Saly Sénégal,15000000,Saly Sénégal,https://dakarvente.com/media/annonces/pics/thumbs/8162a106c64f2769d371ccfc89e81c73.jpeg
191,Terrain de 300 mètres carrés à vendre à Saly Sénégal,12000000,Saly Sénégal,https://dakarvente.com/media/annonces/pics/thumbs/2921d1756b6ba0e8df752b215fead046.jpeg
192,Terrain de 450 mètres carrés à vendre à Malicounda Sénégal,11000000,Malicounda Sénégal,https://dakarvente.com/media/annonces/pics/thumbs/d4cc775d05c0838b810f02bb2b860cfe.jpeg
193,KATOS CONSULTING EST UNE ENTREPRISE IMMOBILIERE LEADER DANS LE SECTEUR DU BTP AU SENEGAL,7000000,AU SENEGAL,https://dakarvente.com/media/annonces/pics/thumbs/d353927038ae89bd7d2d731fff41fc91.jpg
194,Terrain de 600 mètres carrés à vendre à Nguérigne Sénégal,16000000,Nguérigne Sénégal,https://dakarvente.com/media/annonces/pics/thumbs/5b4200b92ff7ab9c7ff46b68cfc02218.jpeg
195,KATOS CONSULTING EST UNE ENTREPRISE IMMOBILIERE LEADER DANS LE SECTEUR DU BTP AU SENEGAL,6000000,AU SENEGAL,https://dakarvente.com/media/annonces/pics/thumbs/39bb8b2b2b338cd386c9f8224c9610e1.jpg
196,Terrain de 450 mètres carrés à vendre à Nguérigne sérère Sénégal,13000000,sérère Sénégal,https://dakarvente.com/media/annonces/pics/thumbs/164b680977a322d128d00f16d6521ee6.jpeg
197,Terrain de 450 mètres carrés à vendre à Nguérigne Sénégal,14000000,Nguérigne Sénégal,https://dakarvente.com/media/annonces/pics/thumbs/11da7eb4e546a4be2d3806ef234fcb50.jpeg
198,Terrain de 300 mètres carrés à vendre à Nguérigne  Sénégal,10000000,Nguérigne Sénégal,https://dakarvente.com/media/annonces/pics/thumbs/e8d91f872c71a0aaf7d028f5bcc03abe.jpeg
199,KATOS CONSULTING EST UNE ENTREPRISE IMMOBILIERE LEADER DANS LE SECTEUR DU BTP AU SENEGAL,6000000,AU SENEGAL,https://dakarvente.com/media/annonces/pics/thumbs/8f3eae7128ef15e3e38945eb515c0ac6.jpg
200,"Terrain de 1,87 hectare vers Touba Toul",9496000,Touba Toul,https://dakarvente.com/media/annonces/pics/thumbs/6150112c584e16f86b52dbf4dc3ba2c8.jpeg
201,TERRAIN À VENDRE ,180000000,À VENDRE,https://dakarvente.com/media/annonces/pics/thumbs/dd63408347600c6e1ce740d1f2e120a8.jpg
202,KATOS CONSULTING EST UNE ENTREPRISE IMMOBILIERE LEADER DANS LE SECTEUR DU BTP AU SENEGAL,3000000,AU SENEGAL,https://dakarvente.com/media/annonces/pics/thumbs/95a05cf4b0709058734159ac58bceb53.jpg
203,KATOS CONSULTING EST UNE ENTREPRISE IMMOBILIERE LEADER DANS LE SECTEUR DU BTP AU SENEGAL,7000000,AU SENEGAL,https://dakarvente.com/media/annonces/pics/thumbs/ed287dff76b56fce380f15dc94f538f5.jpg
204,KATOS CONSULTING EST UNE ENTREPRISE IMMOBILIERE LEADER DANS LE SECTEUR DU BTP AU SENEGAL,7000000,AU SENEGAL,https://dakarvente.com/media/annonces/pics/thumbs/59d49a56542c38efbbed0f309aec962d.jpg
205,KATOS CONSULTING EST UNE ENTREPRISE IMMOBILIERE LEADER DANS LE SECTEUR DU BTP AU SENEGAL,3000000,AU SENEGAL,https://dakarvente.com/media/annonces/pics/thumbs/de8b3b947ee614c127dba5a806164da7.jpg
206,KATOS CONSULTING EST UNE ENTREPRISE IMMOBILIERE LEADER DANS LE SECTEUR DU BTP AU SENEGAL,3500000,AU SENEGAL,https://dakarvente.com/media/annonces/pics/thumbs/5bc9450e291d884771f3992766fcba7f.jpg
207,KATOS CONSULTING EST UNE ENTREPRISE IMMOBILIERE LEADER DANS LE SECTEUR DU BTP AU SENEGAL,6000000,AU SENEGAL,https://dakarvente.com/media/annonces/pics/thumbs/321d2adb0d9bdcc63235248b271980cd.jpg
208,KATOS CONSULTING EST UNE ENTREPRISE IMMOBILIERE LEADER DANS LE SECTEUR DU BTP AU SENEGAL,3500000,AU SENEGAL,https://dakarvente.com/media/annonces/pics/thumbs/8492ece2eeffd410960f8bb31a29a7f4.jpg
209,Studio à louer à Saly Sénégal,90000,Saly Sénégal,https://dakarvente.com/media/annonces/pics/thumbs/b2dfb68901f4df7683f1a419173268ae.jpeg
210,2ha700 a Bayakh,17000,a Bayakh,https://dakarvente.com/media/annonces/pics/thumbs/2db2df4882c9146442a4e994f6d5b96b.jpg
211,TITRE BAIL,13500000,TITRE BAIL,https://dakarvente.com/img/nophoto.png
212,Terrain Tf individuel à vendre à la Cité nouvelle horizon,30000000,nouvelle horizon,https://dakarvente.com/media/annonces/pics/thumbs/38602307d2e9ff15411e66ae54481d3f.jpg
213,Terrains 900m2 Thies,25000000,900m2 Thies,https://dakarvente.com/media/annonces/pics/thumbs/542b66c74f9a5a22ecac66516e87f2b9.jpeg
214,Terrain de 3116 m² vers Khombole,1932000,vers Khombole,https://dakarvente.com/media/annonces/pics/thumbs/48c5af4c3f96e0c5e024667cfba86cdd.jpeg
215,Terrain de 450 mètres carrés à vendre à Malicounda Sénégal,6000000,Malicounda Sénégal,https://dakarvente.com/media/annonces/pics/thumbs/bc70d3925eb451efe94d713feb71e6b8.jpeg
216,Terrain de 6025 m² vers Khombole,3735500,vers Khombole,https://dakarvente.com/media/annonces/pics/thumbs/c184da825e0004f2bdd2cd3fe6c4fd46.jpeg
217,"Terrain de 1,01 hectare vers Thiénaba",3750000,vers Thiénaba,https://dakarvente.com/media/annonces/pics/thumbs/a8c7249fadc3225be023f3b3c98c7000.jpeg
218,Terrain de 7130 m² vers Refane,4450000,vers Refane,https://dakarvente.com/media/annonces/pics/thumbs/30684b90dd779214f2d5430cda37df06.jpeg
219,KATOS CONSULTING EST UNE ENTREPRISE IMMOBILIERE LEADER DANS LE SECTEUR DU BTP AU SENEGAL,3000000,AU SENEGAL,https://dakarvente.com/media/annonces/pics/thumbs/109a59980b8564d6269f8b59dc1fc765.jpg
220,KATOS CONSULTING EST UNE ENTREPRISE IMMOBILIERE LEADER DANS LE SECTEUR DU BTP AU SENEGAL,3000000,AU SENEGAL,https://dakarvente.com/media/annonces/pics/thumbs/2e6dfee7cc1fcc2f310c3809ba8c0b46.jpg
221,TERRAIN À VENDRE TIVAOUANE PEULH,7000000,TIVAOUANE PEULH,https://dakarvente.com/media/annonces/pics/thumbs/06da602166ea3891daa47511203b2593.jpeg
222,KATOS CONSULTING EST UNE ENTREPRISE IMMOBILIERE LEADER DANS LE SECTEUR DU BTP AU SENEGAL,3000000,AU SENEGAL,https://dakarvente.com/media/annonces/pics/thumbs/44aaa5fbc3e218de106cb35c11a204c3.jpg
223,Terrain de 300 mètres carrés à vendre à Malicounda Sénégal,3000000,Malicounda Sénégal,https://dakarvente.com/media/annonces/pics/thumbs/4991db28ca5eccdf12407c298c85ba48.jpeg
224,Terrain de 225 mètres carrés à vendre à Malicounda Sénégal,3000000,Malicounda Sénégal,https://dakarvente.com/media/annonces/pics/thumbs/6f50356b727b3d491d19e6434de66945.jpeg
225,KATOS CONSULTING EST UNE ENTREPRISE IMMOBILIERE LEADER DANS LE SECTEUR DU BTP AU SENEGAL,3000000,AU SENEGAL,https://dakarvente.com/media/annonces/pics/thumbs/59a613ef220f9e57f34dbd0c260d8203.jpg
226,Terrain de 6039 m² vers Thiénaba,1940000,vers Thiénaba,https://dakarvente.com/media/annonces/pics/thumbs/3305a3ae9336bdabddf3c28e56dcdcac.jpeg
227,Terrain de 3 hectares vers Thiénaba,14500000,vers Thiénaba,https://dakarvente.com/media/annonces/pics/thumbs/8a9fc99056961eef6d84908ddd1c8446.jpeg
228,"Terrain de 2,53 hectares vers Tataguine",37500000,vers Tataguine,https://dakarvente.com/media/annonces/pics/thumbs/dcaff63bca6fd5e537be725a341adf6b.jpeg
229,Terrain de 300 mètres carrés à vendre à Malicounda Sénégal,8000000,Malicounda Sénégal,https://dakarvente.com/media/annonces/pics/thumbs/3669ec639dc9a67cb7180589630288f3.jpeg
230,Terrain Campement Nguekhokh,3500000,Campement Nguekhokh,https://dakarvente.com/media/annonces/pics/thumbs/8a027efe5f7872eebe83ffff02a0918d.jpg
231,Terrain à vendre aux almadies ,1300000,aux almadies,https://dakarvente.com/media/annonces/pics/thumbs/1e8d10d78bd99a867c0f5f555361d6d3.jpg
232,"Verger de 1,03 hectare vers Keur Cheich Ibra Fall",25762500,Ibra Fall,https://dakarvente.com/media/annonces/pics/thumbs/28407f141b15b68f4642fc1c5d0ff848.jpeg
233,"Terrain de 3,84 hectares vers Patar",9600000,vers Patar,https://dakarvente.com/media/annonces/pics/thumbs/8ae2cdf822573e94949b040a4b5b7992.jpeg
234,Terrain de 10 hectares vers Diama,15000000,vers Diama,https://dakarvente.com/media/annonces/pics/thumbs/9ae0bf754ca114d2b05191e5d2dd10c0.jpeg
235,"Verger de 1,79 hectare à Pout",314002500,à Pout,https://dakarvente.com/media/annonces/pics/thumbs/0798acca9e3e88f079e0666b207b92bf.jpeg
236,plan Villa 2D & 3D avec vidéo offerte,290000,vidéo offerte,https://dakarvente.com/media/annonces/pics/thumbs/a46cbea9495607faed42112dbf6e3bd9.jpeg
237,"Terrain de 2,65 hectares vers Touba Toul",9300000,Touba Toul,https://dakarvente.com/media/annonces/pics/thumbs/bb90a5be03720b236bb48e8031679fd1.jpeg
238,"Terrain de 1,25 hectare vers Touba Toul",6780000,Touba Toul,https://dakarvente.com/media/annonces/pics/thumbs/8ab2d01c4a103003db905901bff4b2d9.jpeg
239,TERRAIN À VENDRE Keur daouda sarr sortie 10 ,15000000,sortie 10,https://dakarvente.com/media/annonces/pics/thumbs/9bf8b046d75c508e38b43fc22a1a44b2.jpeg
240,TERRAIN A VENDRE DIAMNIADIO,6000000,VENDRE DIAMNIADIO,https://dakarvente.com/media/annonces/pics/thumbs/097874b0fdea83ff4ee54602b451154c.png
241,TERRAIN A VENDRE YENNE,1000000,VENDRE YENNE,https://dakarvente.com/media/annonces/pics/thumbs/f29f32e18da2d6809a40ccc618141304.png
242,Terrain de 300 mètres carrés à vendre à Mbour Sénégal,8500000,Mbour Sénégal,https://dakarvente.com/media/annonces/pics/thumbs/b35baa191cef634eb40c54295366c5e4.jpg
243,Terrain de 300 mètres carrés à vendre à Saly Sénégal,12000000,Saly Sénégal,https://dakarvente.com/media/annonces/pics/thumbs/f5e5c8ecbac44afb228062dd785d6520.jpg
244,Terrain à yenne ndoukhoura,4000000,yenne ndoukhoura,https://dakarvente.com/media/annonces/pics/thumbs/7d2d01889f325fcac2a3c904c27d532b.jpeg
245,Terrain de 280 mètres carrés à vendre à Saly Sénégal,18000000,Saly Sénégal,https://dakarvente.com/media/annonces/pics/thumbs/ec8a7726aa3c5256aedad72697dd8e03.jpg
246,Terrain de 1200 mètres carrés à vendre à Saly Sénégal,55000000,Saly Sénégal,https://dakarvente.com/media/annonces/pics/thumbs/7b19d1050c08d16a207e7063d00bb713.jpg
247,Terrains à vendre ,1000000,à vendre,https://dakarvente.com/img/nophoto.png
248,Terrain à Ndoukhoura,3500000,à Ndoukhoura,https://dakarvente.com/media/annonces/pics/thumbs/86ce6f2be0598b4db25dab2ccdad614c.jpeg
249,Terrain à Ndayane Residence,7000000,Ndayane Residence,https://dakarvente.com/media/annonces/pics/thumbs/53e79b73c49d04ca44ec284163975aa9.jpeg
250,Terrain à vendre à Ndayane extension,6000000,Ndayane extension,https://dakarvente.com/media/annonces/pics/thumbs/62d0e760298596b06813f3663feec1a1.jpeg
251,Terrain de 200 mètres carrés à vendre à Saly Sénégal,4500000,Saly Sénégal,https://dakarvente.com/media/annonces/pics/thumbs/806ae6cc4663e2c44772a1dbdb8812bc.jpg
252,OPPORTUNITÉ À SAISIR TERRAIN À VENDRE ,150000000,À VENDRE,https://dakarvente.com/media/annonces/pics/thumbs/8906ddbce0ca85e2317f5fd586d7ad1c.jpeg
253,Vente Flash,1500000,Vente Flash,https://dakarvente.com/media/annonces/pics/thumbs/d3e3ef86c3cd861f16e56a24dd1177fe.jpeg
254,Terrain 1000 mètres carrés à vendre à Nguérigne Sénégal,45000000,Nguérigne Sénégal,https://dakarvente.com/media/annonces/pics/thumbs/fd49413c96756aa4f5a9d206c2fd365c.jpg
255,"Champ de superficie 1,5 ha à vendre à Toubacouta ",40000000,à Toubacouta,https://dakarvente.com/media/annonces/pics/thumbs/5a3310f7ff4c6298179963c2718ac1c0.jpg
256,Terrain de 300 mètres carrés à vendre à Malicounda Sénégal,7000000,Malicounda Sénégal,https://dakarvente.com/media/annonces/pics/thumbs/32216a85097428786413ef071c3cf8b7.jpg
257,Terrain sur la route de Sébikotane,4500000,de Sébikotane,https://dakarvente.com/media/annonces/pics/thumbs/e7f7172832d1c7999d86a5f0f5116719.jpg
258,Terrains à vendre à Ndayane ,6000000,à Ndayane,https://dakarvente.com/media/annonces/pics/thumbs/08f70cd551a4ba52a442e5fc2edf4516.jpg
259,Terrains à vendre à Ndoukhoura,3000000,à Ndoukhoura,https://dakarvente.com/media/annonces/pics/thumbs/f11702dc96038b524f1367ca2097abe2.jpg
260,Terrain de superficie 3ha600 à vendre à sindia ,45000000,à sindia,https://dakarvente.com/media/annonces/pics/thumbs/3c93a9baaa447937f4b875f6e132cfcb.jpg
261,Terrain de 350 mètres carrés à vendre à Malicounda Sénégal,3500000,Malicounda Sénégal,https://dakarvente.com/media/annonces/pics/thumbs/39c62d0664889bfcf97e86ea89660698.jpg
262,Terrain de superficie 200 m² bail à vendre à saly ,13000000,à saly,https://dakarvente.com/media/annonces/pics/thumbs/3f1657c07ea86bee6a31a1b24b6f87cd.jpg
263,Terrain de 300 mètres carrés à vendre à Malicounda ,6000000,à Malicounda,https://dakarvente.com/media/annonces/pics/thumbs/aef0d0a2802ede17779f82e0dd7947ce.jpg
264,Terrain de 600 mètres carrés à vendre à Malicounda Sénégal,6500000,Malicounda Sénégal,https://dakarvente.com/media/annonces/pics/thumbs/d4ceac92f4c40c98b9965297cc8a6c26.jpg
265,Vente de terrain à Ndianda,7500000,à Ndianda,https://dakarvente.com/media/annonces/pics/thumbs/5722833d076da7a7224f7484ab530c24.jpeg
266,Terrain à vendre à Yenn,4000000,à Yenn,https://dakarvente.com/media/annonces/pics/thumbs/5b47c2dc51acc9befaf1373d5d7a3be8.jpeg
267,OPPORTUNITÉ À SAISIR ,16000000,À SAISIR,https://dakarvente.com/media/annonces/pics/thumbs/59f345c5836f310c2ba9411a48a6c958.jpg
268,TERRAIN A SALY,22000000,A SALY,https://dakarvente.com/media/annonces/pics/thumbs/f8ccac83fd99ecd362641a8bad1ff23f.jpg
269,TERRAIN AU LAC ROSE,15000000,LAC ROSE,https://dakarvente.com/media/annonces/pics/thumbs/8a39f8c1d3a272b4ca111eda79e7fada.jpg
270,TERRAIN A SALY,80000000,A SALY,https://dakarvente.com/media/annonces/pics/thumbs/92bad5bed45b37193cb4f6a196bdaf73.jpg
271,TERRAIN AVEC BATIMENT EN CONSTRUCTION A SALY,27000000,A SALY,https://dakarvente.com/media/annonces/pics/thumbs/1feb4c2e97e8422bf998fb05cf4ba811.jpg
272,TERRAIN PRES SORTIE PEAGE NGEKHOKH,65000000,PEAGE NGEKHOKH,https://dakarvente.com/media/annonces/pics/thumbs/cfb99627628d35eb602da53662bbe05e.jpg
273,TERRAIN A SALY,19000000,A SALY,https://dakarvente.com/media/annonces/pics/thumbs/e5b6f534acb36ca7e3e91d28a6b0cdc6.jpg
274,Villa à vendre à Yène Sénégal,85000000,Yène Sénégal,https://dakarvente.com/media/annonces/pics/thumbs/7e96c0a2601577dcf682c36823875288.jpg
275,Terrain de 7866 m² vers Tassette,3920000,vers Tassette,https://dakarvente.com/media/annonces/pics/thumbs/a3040bf122c807427cb329eb7d67ab74.jpeg
276,Terrain de 8373 m² vers Tassette,4705000,vers Tassette,https://dakarvente.com/media/annonces/pics/thumbs/7ac3fe1661907111a70bca4164fb1ea9.jpeg
277,Terrains à vendre à NDIAKHIRAT ,23700,à NDIAKHIRAT,https://dakarvente.com/media/annonces/pics/thumbs/848312f976f7287d09e90032d25171fd.jpg
278,Terrain de 1200 mètres carrés à vendre à Sinthiane Sénégal,36000000,Sinthiane Sénégal,https://dakarvente.com/media/annonces/pics/thumbs/bc1e250ca6ede8a5fd7c834660a7f79a.jpg
279,Terrain à vendre Mariste,90000000,vendre Mariste,https://dakarvente.com/media/annonces/pics/thumbs/9f1a1f0899966fa4d4af09e79442c1d6.jpeg
280,Terrain à vendre ,150000000,à vendre,https://dakarvente.com/media/annonces/pics/thumbs/50a70e71af5240d0ce7c22deb82631dd.png
281,Terrain 500ha mine d'or,50000000,mine d'or,https://dakarvente.com/media/annonces/pics/thumbs/e757ef01860f5ab0eed2dbc53dcffd00.jpg
282,Terrain de 600 mètres carrés à vendre à Saly Sénégal,28000000,Saly Sénégal,https://dakarvente.com/media/annonces/pics/thumbs/be7bb29bc2242193fc9525184b95bd69.jpg
283,Coopérative d'habitat à NDOUKHOURA,5500000,à NDOUKHOURA,https://dakarvente.com/media/annonces/pics/thumbs/d8b54539f449f20632e4f67d490b93f9.jpg
284,Coopérative d'habitat à NOFLAYE ,5500000,à NOFLAYE,https://dakarvente.com/media/annonces/pics/thumbs/9798a08fc56fecd98ff695a3af7dd997.jpg
285,Coopérative d'habitat à YENE,2500000,à YENE,https://dakarvente.com/media/annonces/pics/thumbs/9daaab463e066f5bffe6762fa3ff031a.jpg
286,TERRAIN EN VENTE,20000000,EN VENTE,https://dakarvente.com/media/annonces/pics/thumbs/bc6a260acf868c5fe8c6baa3ac6796ac.jpeg
287,Terrain de 600 mètres carrés à vendre à Saly Sénégal,45000000,Saly Sénégal,https://dakarvente.com/media/annonces/pics/thumbs/e69ac3f635a06c1b5dbce50db818f355.jpg
288,Terrain de 400 mètres carrés à vendre à Saly Sénégal,40000000,Saly Sénégal,https://dakarvente.com/media/annonces/pics/thumbs/6133a23b3d410d0e4e90a70639468418.jpg
289,Terrain à vendre à bon prix ,8500000,bon prix,https://dakarvente.com/media/annonces/pics/thumbs/e7b736d08e9a3e106ca3bcd9d5b76f9c.jpeg
290,terrain a vendre toubabe dialow,10000000,toubabe dialow,https://dakarvente.com/media/annonces/pics/thumbs/6d68eaec0c7fae5cd3f17f45e41fe92d.jpeg
291,Deux terrains coller,,terrains coller,https://dakarvente.com/media/annonces/pics/thumbs/527de96449696f5938c37cb36da4b5b7.jpeg
292,TERRAIN A VENDRE YENNE NDITAKH,1000000,YENNE NDITAKH,https://dakarvente.com/media/annonces/pics/thumbs/d51e6481d0883d504100faa558cf2f7e.jpg
293,"Verger Fruitier de 2,39 hectares à Diokoul Diawrigne",13500000,Diokoul Diawrigne,https://dakarvente.com/media/annonces/pics/thumbs/41cfa7032f45667fa13e1cc3f7a31500.jpeg
294,Terrain de 300 mètres carrés à vendre à Malicounda Sénégal,10000000,Malicounda Sénégal,https://dakarvente.com/media/annonces/pics/thumbs/9d166f1f9554b860bc22bda35b97fbf3.jpg
295,Terrain de 4013 m² à Nguéniène,3600000,à Nguéniène,https://dakarvente.com/media/annonces/pics/thumbs/10e2ee717cefcd087bcbf2babeb074c0.jpeg
296,"Verger de 4,5 hectares à Darou Khoudoss",20500000,Darou Khoudoss,https://dakarvente.com/media/annonces/pics/thumbs/4d4c01a4ad3c1c7cd7ebd8acc534aa02.jpeg
297,Verger Fruitier de 2860 m² à Baba Garage,5000000,Baba Garage,https://dakarvente.com/media/annonces/pics/thumbs/b5bbcb2598c5d9080740e8af51071853.jpeg
298,Verger Fruitier de 6021 m² à Darou Khoudoss,17000000,Darou Khoudoss,https://dakarvente.com/media/annonces/pics/thumbs/a295f3ad68fac1e3d5f19da6343e2934.jpeg
299,Terrain de 300 mètres carrés à vendre à Malicounda Sénégal,9000000,Malicounda Sénégal,https://dakarvente.com/media/annonces/pics/thumbs/7cdc5f2d5066fd2ad9ae2ab0234876dd.jpg
300,Terrain de 300 mètres carrés à vendre à Nguékhokh Sénégal,3000000,Nguékhokh Sénégal,https://dakarvente.com/media/annonces/pics/thumbs/e6b9cfe2f5828c287db263664e0bd296.jpg
301,"Terrain de 1,43 Hectare vers Sagata",6900000,vers Sagata,https://dakarvente.com/media/annonces/pics/thumbs/8e34bfa966c4c2e4da67cc52ac14d1bf.jpeg
302,"Verger Agricole de 1,91 hectare à Tassette",7900000,à Tassette,https://dakarvente.com/media/annonces/pics/thumbs/36ee1b1de0e63376d10a7168f0e12b95.jpeg
303,Terrain de 4794 m² à Cherif Lô,6200000,Cherif Lô,https://dakarvente.com/media/annonces/pics/thumbs/7c6c407cfefb6c139b9cab7cdc6989bc.jpeg
304,"Verger de 1,66 hectare vers Tassette",9700000,vers Tassette,https://dakarvente.com/media/annonces/pics/thumbs/da778c9b141c31366d9c2607b3ab27f8.jpeg
305,"Terrain de 1,44 hectare à Tassette",6370000,à Tassette,https://dakarvente.com/media/annonces/pics/thumbs/fe2715889bca8dc1bbf79b9bb6800898.jpg
306,Terrain de 600 mètres carrés à vendre à Nguékhokh Sénégal,65000000,Nguékhokh Sénégal,https://dakarvente.com/media/annonces/pics/thumbs/6d9150254717d4e8cf7d3db586a75084.jpg
307,Terrain de 4996 m² vers Baba Garage,2650000,Baba Garage,https://dakarvente.com/media/annonces/pics/thumbs/7fcefe4f726f7ce02bbc8b3504a3271a.jpeg
308,Terrain de 6591 m² vers Tassette,4650000,vers Tassette,https://dakarvente.com/media/annonces/pics/thumbs/8f6fd926a0b30a6a789e982c8c116f6a.jpeg
309,Terrain de 7842 m² vers Notto Diobass,4975000,Notto Diobass,https://dakarvente.com/media/annonces/pics/thumbs/f38054d70e2d3d1576e3ceac551aeaf0.jpeg
310,Terrain 460m2 Almadies 2,55000000,Almadies 2,https://dakarvente.com/media/annonces/pics/thumbs/9c22c83d7e9465e45b5660a551b7877d.jpg
311,"Terrain de 1,25 hectare vers Tassette",6500000,vers Tassette,https://dakarvente.com/media/annonces/pics/thumbs/08ac98ae5fececa82adb3912f56c764c.jpeg
312,Terrains à Vendre à Ngaparou Sénégal,60000,Ngaparou Sénégal,https://dakarvente.com/media/annonces/pics/thumbs/d4f78100993b5ad705af7621df0ed94a.jpg
313,Terrain à vendre ,15000000,à vendre,https://dakarvente.com/img/nophoto.png
314,Vente de terrains ,50000000,de terrains,https://dakarvente.com/img/nophoto.png
315,Terrain de 300 mètres carrés à vendre à Nguékhokh Sénégal,3000000,Nguékhokh Sénégal,https://dakarvente.com/media/annonces/pics/thumbs/51179718672c677cd96b9ca667f0a272.jpg
316,TERRAIN AUX MAMELLES,135000000,AUX MAMELLES,https://dakarvente.com/media/annonces/pics/thumbs/5121e5ee8fadd3aeb296ef8f1db7db1a.png
317,Parcelle de 10 hectares à bambilor ,15000,à bambilor,https://dakarvente.com/media/annonces/pics/thumbs/32d6af86e00500480963094d476b6a02.jpg
318,Lot de terrains à ndiakhirate,6500000,à ndiakhirate,https://dakarvente.com/media/annonces/pics/thumbs/5f332be24915e5afe62cc921ac3f1dc8.jpg
319,Lots de terrains à Yene ,3500000,à Yene,https://dakarvente.com/media/annonces/pics/thumbs/7dcc5e10284e34408f51a239c9cd57f0.jpg
320,Terrains à vendre à Diamniadio ,6500000,à Diamniadio,https://dakarvente.com/media/annonces/pics/thumbs/b04545c119002ca58fc893c2b02ac425.jpg
321,Terrain de 8845 m² vers Léona,5000000,vers Léona,https://dakarvente.com/media/annonces/pics/thumbs/f38c2157f25655ff1a34295aa81ec9f4.jpeg
322,Terrains 225m2 Soune wolof côté péage,1500000,côté péage,https://dakarvente.com/media/annonces/pics/thumbs/1fda42bd86c9a7aa1999049fc2f6692f.jpg
323,TERRAIN AUX MAMELLES,135000000,AUX MAMELLES,https://dakarvente.com/media/annonces/pics/thumbs/8a10b9755f19d0aaf06ea3df634a07c3.jpeg
324,Verger Agricole de 8 449 m² à Fissel,9500000,à Fissel,https://dakarvente.com/media/annonces/pics/thumbs/d562e4022da166802c0d5b70477ed79d.jpeg
325,"Terrain de 2,16 hectares à Koul",7200000,à Koul,https://dakarvente.com/media/annonces/pics/thumbs/1cc52bb11384c17ab21a0f475510339e.jpeg
326,"Verger de 3,2 hectares à Keur Moussa",47000000,Keur Moussa,https://dakarvente.com/media/annonces/pics/thumbs/626dbc930de226861f0b98b7314575e8.jpeg
327,"Verger de 1,18 hectare vers Notto Diobass",31200000,Notto Diobass,https://dakarvente.com/media/annonces/pics/thumbs/46200a6cb6cfce567c7a202660e962c1.jpeg
328,"Verger de 2,27 hectares vers Notto Diobass",21046250,Notto Diobass,https://dakarvente.com/media/annonces/pics/thumbs/2bd709024c4973fff6d65dad71019c9d.jpeg
329,OPPORTUNITÉ À SAISIR ,120000000,À SAISIR,https://dakarvente.com/media/annonces/pics/thumbs/28b57d83e79bb84f31a18aa3a0ec8f30.jpg
330,terrain à vendre,180000000,à vendre,https://dakarvente.com/media/annonces/pics/thumbs/ccafdfa0afc0350d495f0dc1fbb04891.jpeg
331,Terrains de 1200 mètres carrés à vendre à Djilass Sénégal,15000000,Djilass Sénégal,https://dakarvente.com/media/annonces/pics/thumbs/27875d07d4980fab2ffaff39632026c1.jpg
332,Des terrains a vendre ,1000000,a vendre,https://dakarvente.com/img/nophoto.png
333,Terrains viabilisés à Niakhirate,14000000,à Niakhirate,https://dakarvente.com/media/annonces/pics/thumbs/a472d413ba299edd1630c613b14705e2.jpg
334,TERRAIN À VENDRE,120,À VENDRE,https://dakarvente.com/media/annonces/pics/thumbs/bb78f59cfb43ed37cb22b6a0ef0d8be0.jpg
335,UNE BELLE OPPORTUNITÉ À SAISIR UN TERRAIN À VENDRE,140000000,À VENDRE,https://dakarvente.com/media/annonces/pics/thumbs/7b8cbd66251a9c20ebe9b0075c1516dc.jpg
336,Vente de terrain ,900000,de terrain,https://dakarvente.com/media/annonces/pics/thumbs/1b48fade5a8a528e0476555d38f56048.jpeg
337,Terrain de 225 mètres carrés,6500000,mètres carrés,https://dakarvente.com/media/annonces/pics/thumbs/551d0a5ff171d79a96e924c607148252.jpg
338,TERRAIN A BOUKHOU,950000000,A BOUKHOU,https://dakarvente.com/media/annonces/pics/thumbs/cc444e303e0c7c1ab9c4fae1c94cfb07.jpeg
339,Terrain 687 mètres carrés à Saly ,26000000,à Saly,https://dakarvente.com/media/annonces/pics/thumbs/c7db8d4c6e29d56ee9036120469eb1d4.jpeg
340,Terrain 225 mètres carrés à Saly ,6500000,à Saly,https://dakarvente.com/media/annonces/pics/thumbs/1d5ff18caaeeb1f05d0985c1d48a52b1.jpeg
341,Terrain 225 mètres carrés à Saly ,6500000,à Saly,https://dakarvente.com/media/annonces/pics/thumbs/d3c3a9a759820e19138ea0da8f67c0c2.jpeg
342,Terrain 278 mètres carrés à Saly ,30000000,à Saly,https://dakarvente.com/media/annonces/pics/thumbs/14746312f62ead92e38c5016194cf375.jpg
343,Terrain 225 mètres carrés à Nguékhokh ,3500000,à Nguékhokh,https://dakarvente.com/media/annonces/pics/thumbs/efd41d3c2f76e19e2223b823db3039ec.jpg
344,Terrain 800 mètres carrés à Saly ,60000000,à Saly,https://dakarvente.com/media/annonces/pics/thumbs/74f101332dd575ec5e514a4e7462b109.jpeg
345,Terrain 600 mètres carrés à Saly ,16000000,à Saly,https://dakarvente.com/media/annonces/pics/thumbs/e250b68d875ebbede09c9d21dcf04af0.jpeg
346,OPPORTUNITÉ À SAISIR : TERRAIN ANGLE DOUBLE FAÇADE,85000000,DOUBLE FAÇADE,https://dakarvente.com/media/annonces/pics/thumbs/89bed1d83ce950a578a77b78c054ee97.jpg
347,Terrains à vendre à DIAMNIADIO sortie 11 de l'autoroute à péage,13000000,à péage,https://dakarvente.com/media/annonces/pics/thumbs/39b3c66f0ff1819d0daf54917276caf5.jpg
348,Terrain 500 mètres carrés à Saly ,25000000,à Saly,https://dakarvente.com/media/annonces/pics/thumbs/1f5c02493f1f312c0fd815368993c5c7.jpeg
349,Terrains 225m2 Diass Soune wolof ,1000000,Soune wolof,https://dakarvente.com/media/annonces/pics/thumbs/6b39b659af007a2d75bf848500b87eaa.jpg
350,Terrains 150m2 Bambilor après Comico,1500000,après Comico,https://dakarvente.com/media/annonces/pics/thumbs/6ce682037c4b9df74ac0db94be55fec6.jpg
351,TERRAIN 200M2 SITUE A L ANGLE,65000000,L ANGLE,https://dakarvente.com/media/annonces/pics/thumbs/c827acbee90b55d79c9455b7f08a3f3a.jpg
352,TERRAIN D ENVIRON 1 HA A VENDRE AUX ALMADIES 2,560080000,ALMADIES 2,https://dakarvente.com/media/annonces/pics/thumbs/0a00bf3c751177d77432c64f6d90b458.jpg
353,Terrain 225 mètres carrés à Saly ,7000000,à Saly,https://dakarvente.com/media/annonces/pics/thumbs/9d3a53389421bd0f187999675237f4ef.jpg
354,TERRAIN A VENDRE A DIASS,1500000,A DIASS,https://dakarvente.com/media/annonces/pics/thumbs/d2cfded0c9c3625cead05c227397927d.jpeg
355,Terrain 225 mètres carrés à Saly ,7000000,à Saly,https://dakarvente.com/media/annonces/pics/thumbs/bb3d88f458d9671d52753e013bef5135.jpg
356,Terrain 300 mètres carrés à Saly ,6000000,à Saly,https://dakarvente.com/media/annonces/pics/thumbs/da0fd9c24a5ffb185ff4c19684218510.jpg
357,Terrain bail de 150m2,4500000,de 150m2,https://dakarvente.com/media/annonces/pics/thumbs/0bf902f4d2dcd4d56b58c44070035f2f.jpg
358,Terrain de 180m2 à vendre à Yenne,2500000,à Yenne,https://dakarvente.com/media/annonces/pics/thumbs/58e86f07503c27f1deb68f2aae93f894.jpg
359,Terrain de 150m2 à vendre à diamniadio,3500000,à diamniadio,https://dakarvente.com/media/annonces/pics/thumbs/eb48d13f4525b85d28b86400dbe52baf.jpg
360,Vente de terrain nu à Diamniadio ,14000000,à Diamniadio,https://dakarvente.com/media/annonces/pics/thumbs/871670924556dc24291eef323edd82d7.png
361,Terrains à vendre Avec la SIMIPI,900000,la SIMIPI,https://dakarvente.com/media/annonces/pics/thumbs/dfef112b9404d1ae0dbbfb72bcad7877.jpeg
362,VENTE DE TERRAIN,3000000,DE TERRAIN,https://dakarvente.com/media/annonces/pics/thumbs/9608b5d295c969a1e141f1ff435d2828.jpg
363,Terrains 225 mètres carrés à Malicounda ,2000000,à Malicounda,https://dakarvente.com/media/annonces/pics/thumbs/fe23006f49611fb0693e2f360d6e038a.jpg
364,Terrain 600 mètres carrés à Nguérigne ,16000000,à Nguérigne,https://dakarvente.com/media/annonces/pics/thumbs/56e9f7ddb053cf6a3f4f0e2c41f998a6.jpg
365,Terrain 5500 m2 à Pout,154000000,à Pout,https://dakarvente.com/media/annonces/pics/thumbs/e990095f2c9bdae70474f627bb620d73.jpeg
366,TERRAIN A VENDRE ,2000000,A VENDRE,https://dakarvente.com/media/annonces/pics/thumbs/d7d74cb766dd393f17ee59dc8c38dff1.jpeg
367,Terrain 3000 mètres carrés à Nguérigne ,105000000,à Nguérigne,https://dakarvente.com/media/annonces/pics/thumbs/cb01341dc3c536951dfd14b20a2ae4e8.jpg
368,Terrain 6000 mètres carrés à Nguérigne ,270000000,à Nguérigne,https://dakarvente.com/media/annonces/pics/thumbs/72c213336fda6dfa96d19418abd09eda.jpg
369,Terrain 3000 mètres carrés à Nguérigne ,105000000,à Nguérigne,https://dakarvente.com/media/annonces/pics/thumbs/03a06843c0e9d022eee8f8317b3af705.jpg
370,terrain de 600 mètres carrés,48000000,mètres carrés,https://dakarvente.com/media/annonces/pics/thumbs/ec0d2cc3951f6db6f500aa9d76c62f91.jpg
371,Terrain 300 mètres carrés à Mbour Gandigal ,12000000,Mbour Gandigal,https://dakarvente.com/media/annonces/pics/thumbs/c1afa502d667f4c5cfb62c1587453ec0.jpg
372,Terrains à vendre au pole urbain de Diamniadio,13000000,de Diamniadio,https://dakarvente.com/media/annonces/pics/thumbs/7a9364f82ae8b6f9ac0f6cb9bb90a227.jpeg
373,Terrain 600 mètres carrés à Saly ,48000000,à Saly,https://dakarvente.com/media/annonces/pics/thumbs/677143b59af725ace73f79306c9cb8ed.jpg
374,Terrains 225m2 à KM50 ,3000000,à KM50,https://dakarvente.com/media/annonces/pics/thumbs/482ae8fb60a85348c15c74b98ebee51b.jpeg
375,Terrain Ndayane 400m2,25000000,Ndayane 400m2,https://dakarvente.com/img/nophoto.png
376,TERRAIN A VENDRE A KHININE ,2000000,A KHININE,https://dakarvente.com/media/annonces/pics/thumbs/f69264999cf498ab786a6a3478c4303e.jpeg
377,4 terrains jumelés à Saly Joseph,225,Saly Joseph,https://dakarvente.com/media/annonces/pics/thumbs/163fafe3b96ab530dce43b93b5b61288.jpg
378,Terrain à Popenguine Ndayane,5000000,Popenguine Ndayane,https://dakarvente.com/img/nophoto.png
379,TERRAINS EN FACE DU MARCHE D'INTERET NATIONAL DIAMNIADIO,13000000,NATIONAL DIAMNIADIO,https://dakarvente.com/media/annonces/pics/thumbs/89c8f2de85d2dd782e4c384e37045ea5.jpg
380,Terrains à vendre à Popenguine-ndayane,5000000,à Popenguine-ndayane,https://dakarvente.com/media/annonces/pics/thumbs/d67d675ad77c2343cf5b6bac3d266265.jpg
381,Terrains disponibles à Diamniadio-PUD,13000000,à Diamniadio-PUD,https://dakarvente.com/media/annonces/pics/thumbs/c7d6f47e1c1f122425629045e7bfe427.jpeg
382,CHAMP À VENDRE,8000000,À VENDRE,https://dakarvente.com/media/annonces/pics/thumbs/e3a147e9fcb00284884413dca1c6915f.jpg
383,terrain de 300 mètres carrés,20000000,mètres carrés,https://dakarvente.com/media/annonces/pics/thumbs/6516b52ba4071f36372da7bddaf39695.jpg
384,Terrains à vendre,900000,à vendre,https://dakarvente.com/media/annonces/pics/thumbs/7d5aab9c8b46473dcdb57cc8b6cb7035.jpeg
385,terrain 250 metres carres a malicounda,2500000,a malicounda,https://dakarvente.com/media/annonces/pics/thumbs/de77af059ac200d6ab53be6f1bbb2939.jpg
386,Terrain de 250 mètres carré,6000000,mètres carré,https://dakarvente.com/media/annonces/pics/thumbs/24413b488426f9ec2f34a19295769b32.jpg
387,Terrains en face du marché d'intéret national de Diamniadio,13000000,de Diamniadio,https://dakarvente.com/media/annonces/pics/thumbs/8ac669b6919b4b7fd8a76313bcd68400.jpg
388,Terrain de 300 mètres carrés à Nguekhokh,5000000,à Nguekhokh,https://dakarvente.com/media/annonces/pics/thumbs/c27eda7e4073da6126a7ff90f346f5c9.jpg
389,Terrain 300 mètres carrés à Mbour ,20000000,à Mbour,https://dakarvente.com/media/annonces/pics/thumbs/b15ed343a78f0d9a84a610a43acb7f8a.jpg
390,Terrain 250 mètres carrés à Malicounda ,2500000,à Malicounda,https://dakarvente.com/media/annonces/pics/thumbs/b7dcf7b7c276718d2e84ef02feba32a8.jpg
391,Terrain 250 mètres carrés à Saly ,6000000,à Saly,https://dakarvente.com/media/annonces/pics/thumbs/0d6b39055ae7608a1018130cc684b80b.jpg
392,Terrain 300 mètres carrés à Nguékhokh ,5000000,à Nguékhokh,https://dakarvente.com/media/annonces/pics/thumbs/05ae8693f4f9bc9d2c76f7026a24db77.jpg
393,Terrain 225 mètres carrés à Nguékhokh ,4000000,à Nguékhokh,https://dakarvente.com/media/annonces/pics/thumbs/ee953dcbb6b28ba9cfb316bcd2fd08e1.jpg
394,Terrains 225 mètres carrés à Malicounda ,1250000,à Malicounda,https://dakarvente.com/media/annonces/pics/thumbs/4e5c038e4be463d01a52d2336afc94f5.jpg
395,Terain a Malikounda,6000000,a Malikounda,https://dakarvente.com/media/annonces/pics/thumbs/85bf4d8db29797332e6d0e340e979244.jpg
396,TERRAIN A VENDRE ,120000,A VENDRE,https://dakarvente.com/media/annonces/pics/thumbs/191df05a402488754f924e1be1507943.jpeg
397,TERRAIN A VENDRE A TIVAOUNE PEULH,1200000,TIVAOUNE PEULH,https://dakarvente.com/media/annonces/pics/thumbs/a28ee8222764b234472408756399f720.jpeg
398,Terrain de 8000 mètres carrés à Malicounda,9000000,à Malicounda,https://dakarvente.com/media/annonces/pics/thumbs/ab7330a093a6798a15a627dcb5f2c0af.png
399,Terrain 300 mètres carrés à Malicounda ,5000000,à Malicounda,https://dakarvente.com/media/annonces/pics/thumbs/047ddabe38ffa418e478f12c0f165540.jpg
400,terrain de 1 hectare à Malicounda,10000000,à Malicounda,https://dakarvente.com/media/annonces/pics/thumbs/509d9459797a31ff7154e2ff3fabadd3.png
401,Terrains 225 mètres carrés à Gandigal ,5000000,à Gandigal,https://dakarvente.com/media/annonces/pics/thumbs/01204608f85e3578a95321ca2000e506.jpg
402,Terrain 8000 mètres carrés à Malicounda ,8000,à Malicounda,https://dakarvente.com/media/annonces/pics/thumbs/4a0d4bd0a0fa78534e49d9dd3d89f60a.jpg
403,TERRAIN A VENDRE A TOUBA,500000,A TOUBA,https://dakarvente.com/media/annonces/pics/thumbs/6b2ad2f4b02050cc59a4eeecddbb4197.jpg
404,Terrain de 400 mètres carrés à Saly Velingara,17000000,Saly Velingara,https://dakarvente.com/media/annonces/pics/thumbs/df48c84eeba792a45712be7e608fb88f.jpg
405,Terrain 10000 mètres carrés à Malicounda ,10000000,à Malicounda,https://dakarvente.com/media/annonces/pics/thumbs/676d9f210c9f709da04df30bf4965085.jpg
406,Terrain à vendre à Tivaoune PEUL,10000000,Tivaoune PEUL,https://dakarvente.com/img/nophoto.png
407,Vente de terrains ,900000,de terrains,https://dakarvente.com/media/annonces/pics/thumbs/17daf58b77356b0f95a5535281f5d461.jpeg
408,TERRAIN A VENDRE A DIASS,1500000,A DIASS,https://dakarvente.com/media/annonces/pics/thumbs/b4122619e9f9c1fc4bfc8be3e8f17b63.jpeg
409,TERRAIN A VENDRE A TIVAOUANE PEULH CITE NAMORA ,7000000,CITE NAMORA,https://dakarvente.com/media/annonces/pics/thumbs/8fefa6671ffd23ddb40666e02f53d178.jpeg
410,Terrain de 350 mètres carré,10000000,mètres carré,https://dakarvente.com/media/annonces/pics/thumbs/d0ebd3c93c981f617d002ba892efe1e2.jpg
411,Terrain 300 mètres carrés à Malicounda ,6500000,à Malicounda,https://dakarvente.com/media/annonces/pics/thumbs/f47660eb68aacad93c089a04e8e7b5a7.jpg
412,Terrains 225 mètres carrés à Malicounda ,2300000,à Malicounda,https://dakarvente.com/media/annonces/pics/thumbs/6bab1f806ae567ceee9e6c830c73038d.jpg
413,Terrain à vendre,3950000,à vendre,https://dakarvente.com/img/nophoto.png
414,Terrain 300 mètres carrés à Saly ,13500000,à Saly,https://dakarvente.com/media/annonces/pics/thumbs/82a66bfc4c41cda6ef7975f04c4c6a2d.jpg
415,4 Terrains jumelés au Lac Rose non loin de la Route,4000000,la Route,https://dakarvente.com/media/annonces/pics/thumbs/a51d70ab754abbb5ecb99ab06ea28359.jpg
416,Terrains à vendre,14000000,à vendre,https://dakarvente.com/media/annonces/pics/thumbs/54a3004f19d36b98b9863e3c50ea5c6c.png
417,Terrain 700 mètres carrés à Saly ,35000000,à Saly,https://dakarvente.com/media/annonces/pics/thumbs/b6a5c7529ab2d54610ab5c1e44bde8b0.jpg
418,Terrain 400 mètres carrés à Saly ,17000000,à Saly,https://dakarvente.com/media/annonces/pics/thumbs/995f27a3f6f75e15380389ae2fa1a0ad.jpg
419,Parcelle sur Niakoul Rap,6000000,Niakoul Rap,https://dakarvente.com/media/annonces/pics/thumbs/0f231dddb96da0b14a1b1ecdd813b363.jpeg
420,Terrain 300 mètres carrés à Saly ,16000000,à Saly,https://dakarvente.com/media/annonces/pics/thumbs/e8de1c132477ad2704e431da5f5643f5.jpg
421,Terrains de 300m² TF en vente sur Saly Portudal,25000000,Saly Portudal,https://dakarvente.com/media/annonces/pics/thumbs/405a6c929e322de5cc9e42a3b9d7d855.png
422,Terrain de 340 mètres carré à Saly Niakhniakhal,26000000,Saly Niakhniakhal,https://dakarvente.com/media/annonces/pics/thumbs/4b5f403cf7df98a4e0700455f1fff45f.jpg
423,Terrain de 300 mètres carrés à la Somone,14000000,la Somone,https://dakarvente.com/media/annonces/pics/thumbs/e3224b9362e77c9e3cf17499d946ac96.jpg
424,Terrain 400 mètres carrés à Saly ,26000000,à Saly,https://dakarvente.com/media/annonces/pics/thumbs/c6c04024f6ee78e8091ce73658b1a9e1.jpg
425,Terrain 300 mètres carrés à Saly ,13000000,à Saly,https://dakarvente.com/media/annonces/pics/thumbs/6bc2148c4908ad7420282229d398630b.jpg
426,terrain de 225 mètres carré à Malicounda,2000000,à Malicounda,https://dakarvente.com/media/annonces/pics/thumbs/14d8c0387412caa5ff6c7bd7e1d068ca.jpg
427,Terrain 340 mètres carrés à Saly ,26000000,à Saly,https://dakarvente.com/media/annonces/pics/thumbs/c464d33b5678beb9b2aea446be28dae7.jpg
428,PROGRAMME DE PARCELLES SEMI-VIABILISÉES DANS LA VILLE SAINTE DE TOUBA,560000,DE TOUBA,https://dakarvente.com/media/annonces/pics/thumbs/e4448c8d194299762a9400a7c44cb635.jpg
429,Terrain de 300 mètres carrés à Saly Golf,13000000,Saly Golf,https://dakarvente.com/media/annonces/pics/thumbs/42eda0df73b35fc1569b76269aa9db92.jpg
430,Terrain 300 mètres carrés à Somone ,14000000,à Somone,https://dakarvente.com/media/annonces/pics/thumbs/09a40771f9e2ca25e0654e7f9e845d88.jpg
431,Terrain 300 mètres carrés à Saly ,7000000,à Saly,https://dakarvente.com/media/annonces/pics/thumbs/d220573bdb940e0a90a642420d00ae3c.jpg
432,Terrain Cité Jean Paul 2,1500000,Paul 2,https://dakarvente.com/media/annonces/pics/thumbs/5eb4882d8741e5521653889707863c2d.jpg
433,Terrain de 300 mètres carrés à Saly Joseph keur youngar,6000000,keur youngar,https://dakarvente.com/media/annonces/pics/thumbs/8d980bbb8081a90625b9a9eea2bd4517.jpg
434,Des Terrains de 150 m2 à vendre - Bambilor et Sébikotane (Yame),3000000,Sébikotane (Yame),https://dakarvente.com/media/annonces/pics/thumbs/c260e01fd2daeb12d11d4a006fcf583c.png
435,Terrains 300 mètres carrés à Saly ,13000000,à Saly,https://dakarvente.com/media/annonces/pics/thumbs/00b958cc06ddb155db0dce90d694c98b.jpg
436,Terrain 300m2 Keur Massar,45000000,Keur Massar,https://dakarvente.com/media/annonces/pics/thumbs/31ffdc19c44fd58d7c5c01f9a569ba2a.jpeg
437,UN BON TERRAIN À VENDRE,22000000,À VENDRE,https://dakarvente.com/media/annonces/pics/thumbs/eff92b7e1727300d6114588eecd5fa39.jpg
438,Terrain 300m2 Keur Massar,45000000,Keur Massar,https://dakarvente.com/media/annonces/pics/thumbs/4ac44de839f1acedd71fcde643020737.jpeg
439,Terrains 150m2 Lac Rose non loin Lac,2500000,loin Lac,https://dakarvente.com/media/annonces/pics/thumbs/5fd01fce2f10bccc21a3b33bc5a78cc3.jpg
440,TERRAIN A VENDRE A KEUR MASSAR,17000000,KEUR MASSAR,https://dakarvente.com/media/annonces/pics/thumbs/07a85232de7c9ee2bb9f8b5a24cc09f1.jpeg
441,Terrain de 300 mètres carrés,12000000,mètres carrés,https://dakarvente.com/media/annonces/pics/thumbs/c5c6112ffd31f02de0f480764782e861.jpg
442,Terrain à Vendre à Diamniadio,13000000,à Diamniadio,https://dakarvente.com/media/annonces/pics/thumbs/1d93d0a30af14468cd145e8a0c522ea2.jpg
443,Terrains 225 mètres carrés à Malicounda ,2000000,à Malicounda,https://dakarvente.com/media/annonces/pics/thumbs/e1bf2d217c9dee3d762d8da366a7008b.jpg
444,Terrains à vendre au pole urbain de Diamniadio,13000000,de Diamniadio,https://dakarvente.com/media/annonces/pics/thumbs/39541de65c86206afb7d96e39579154c.jpg
445,TERRAIN TRÈS INTÉRESSANT POUR PROJET IMMOBILIER EN PREMIER POSITION À DAKAR,600000,À DAKAR,https://dakarvente.com/media/annonces/pics/thumbs/fba2ab19fb510964b7dd51f0847b4654.jpg
446,TERRAIN À VENDRE  À OUAKAM,60000000,À OUAKAM,https://dakarvente.com/media/annonces/pics/thumbs/4cb71efd21906d2a35a8fd2ccff0a3bb.jpg
447,Terrains à vendre,900000,à vendre,https://dakarvente.com/media/annonces/pics/thumbs/ec0ba05241020c93facd5fd467708bfe.jpeg
448,Terrain 300 mètres carrés à Saly ,12000000,à Saly,https://dakarvente.com/media/annonces/pics/thumbs/a0a510ec79ec90d8404992d69718b3ca.jpg
449, TERRAIN A VENDRE,3600000,A VENDRE,https://dakarvente.com/media/annonces/pics/thumbs/9cf89e65527b0c8f735faab3666340f5.jpg
450,Terrain de 300 mètres carrés,11000000,mètres carrés,https://dakarvente.com/media/annonces/pics/thumbs/725376b877a08f0c3e8a5ffd5c854e3a.jpg
451,LOCALISATION : YÈNNE/ NDOUKHOURA Wolof,3000000,NDOUKHOURA Wolof,https://dakarvente.com/media/annonces/pics/thumbs/649a19079b7a7765bb5cbd3b73b0f328.jpeg
452,TERRAIN DE 150 M2 A VENDRE A DIAMNIADIO,5000000,A DIAMNIADIO,https://dakarvente.com/media/annonces/pics/thumbs/84af3bf668a5a1e04c1749510c586327.jpg
453,TERRAIN DE 300 M2 A VENDRE A MBOUR,17000000,A MBOUR,https://dakarvente.com/media/annonces/pics/thumbs/cffd7f948048dc33074f276f721fac41.jpg
454,TERRAINS DE 150 M2 A VENDRE A NIANING GANDIOL,5000000,NIANING GANDIOL,https://dakarvente.com/media/annonces/pics/thumbs/1cdfe4281aabc7f7631f8a5bdd037fc2.jpeg
455,DES TERRAINS DE 150 M2 A VENDRE A KEUR NDIAYE LO,13000000,NDIAYE LO,https://dakarvente.com/media/annonces/pics/thumbs/8ebc196c3a9f25f230a93752543c800f.jpeg
456,Terrain à vendre aux almadies ,20000000,aux almadies,https://dakarvente.com/img/nophoto.png
457,Terrain 300 mètres carrés à Malicounda ,2850000,à Malicounda,https://dakarvente.com/media/annonces/pics/thumbs/64e9aec5739007cac1129ac57680610d.jpg
458,GRANDE OPÉRATION A SAISIR GRAND CHAMP POUR UN INVESTISSEMENT RASSURANT,160000000,INVESTISSEMENT RASSURANT,https://dakarvente.com/media/annonces/pics/thumbs/44584136cedcb36eccc3d7c250a31cb8.jpg
459,TERRAIN TITRE FONCIER A VENDRE,,A VENDRE,https://dakarvente.com/img/nophoto.png
460,GRANDE PROJET COMMERCIAL POUR LES INVESTISSEURS ET POUR LES SUPERMARCHÉS,400000000,LES SUPERMARCHÉS,https://dakarvente.com/media/annonces/pics/thumbs/4a31f153075cd3ace853e777f25053bc.jpeg
461,TERRAIN À VENDRE,125000000,À VENDRE,https://dakarvente.com/media/annonces/pics/thumbs/94882dc48f639c0c97555f5ae0475a98.jpg
462,Terrain 950 mètres carrés à Saly ,24000000,à Saly,https://dakarvente.com/media/annonces/pics/thumbs/036da069ee3ff5a45ebf7972c37e76ba.jpg
463,"terrain de 900 metres carres a mbour,gandigal",12000000,"a mbour,gandigal",https://dakarvente.com/media/annonces/pics/thumbs/ffda66bfb87c7ddf5bab74a021f4d7ea.jpg
464,Terrain 300 mètres carrés à Saly ,11000000,à Saly,https://dakarvente.com/media/annonces/pics/thumbs/59c68a9f165a0e827b9ac4df883386e6.jpg
465,Terrain à vendre ,190000000,à vendre,https://dakarvente.com/img/nophoto.png
466,Terrain tf,11000000,Terrain tf,https://dakarvente.com/media/annonces/pics/thumbs/ae7121cb18abbd8fb870167a49cb29fd.jpeg
467,Terrains Bambilor en Face Comico,1000000,Face Comico,https://dakarvente.com/media/annonces/pics/thumbs/3c4d02c6272c7040926078e9abf163d7.jpg
468,terrain de 350 metres carres a saly,20000000,a saly,https://dakarvente.com/media/annonces/pics/thumbs/678e83314d9732d9db055aa3ae9e96af.jpg
469,Terrain 300 mètres carrés à Saly ,10000000,à Saly,https://dakarvente.com/media/annonces/pics/thumbs/106f7178e0ca7f40571ef2c6c3f2f6df.jpg
470,COOPÉRATIVE DE TERRAIN À THIÈS,1500000,À THIÈS,https://dakarvente.com/media/annonces/pics/thumbs/6b717d3ce59c6e0defbd8385c74569b3.jpg
471,Terrain de 500 mètres carrés à Gandigal Mbour,9500000,Gandigal Mbour,https://dakarvente.com/media/annonces/pics/thumbs/b36bf21b2ac96061cfe556d23d61b300.jpg
472,Terrain à vendre,9000000,à vendre,https://dakarvente.com/media/annonces/pics/thumbs/0826d1ca4ce83598040a09caa5729a17.jpg
473,Terrain à vendre à Guereo,210000000,à Guereo,https://dakarvente.com/media/annonces/pics/thumbs/57d7419c2c81d0cb8c489afbd05c6a19.jpg
474,Terrain à vendre à Guereo,350000000,à Guereo,https://dakarvente.com/media/annonces/pics/thumbs/f01ef4a4e43d70ae24e0ba7fd2b41c9f.jpg
475,Terrain à vendre ,70000000,à vendre,https://dakarvente.com/media/annonces/pics/thumbs/8176172f7caff1ac8f4c623b8044181c.jpg
476,Terrain de 400 mètres carrés à Saly Diambar,23000000,Saly Diambar,https://dakarvente.com/media/annonces/pics/thumbs/f7cda55f9bd16f5dc647fa9d00002efb.jpg
477,Terrain 400 mètres carrés à Saly ,23000000,à Saly,https://dakarvente.com/media/annonces/pics/thumbs/e8c2ff390e5168e0b3ccb2ce2af58595.jpg
478,Terrain de 12500m² en vente sur Sindia en face de la réserve de Bandia,20000,de Bandia,https://dakarvente.com/media/annonces/pics/thumbs/f47eb147b87457ef965712024eb58d61.jpg
479,Parcelles viabilisées à vendre à Diamniadio ,13000000,à Diamniadio,https://dakarvente.com/media/annonces/pics/thumbs/eb0bfe78d69f53b0cde6d847725b82ba.jpeg
480,Terrain à vendre,4000000,à vendre,https://dakarvente.com/img/nophoto.png
481,Terrain à vendre,4000000,à vendre,https://dakarvente.com/img/nophoto.png
482,A vendre terrain,8000000,vendre terrain,https://dakarvente.com/img/nophoto.png
483,TERRAIN AU VIRAGE À VENDRE ,1000000,À VENDRE,https://dakarvente.com/media/annonces/pics/thumbs/9a857cceacf999d623d8ccc8ad631fde.jpg
484,UNE BELLE OPPORTUNITÉ À SAISIR UN TERRAIN À VENDRE ,115000000,À VENDRE,https://dakarvente.com/media/annonces/pics/thumbs/191823893254eba4db01eaab9d2494dc.jpg
485,terrain de 1200 metres carrés à Malicounda,7500000,à Malicounda,https://dakarvente.com/media/annonces/pics/thumbs/61b64a71c02135def1517d3c90390239.jpg
486,Terrain à vendre Diamniadio ,13000000,vendre Diamniadio,https://dakarvente.com/img/nophoto.png
487,Terrains à Diamniadio Pôle urbain ,13000000,Pôle urbain,https://dakarvente.com/media/annonces/pics/thumbs/c7a97fafd32d4d3bacda033d5ab579ec.jpeg
488,Lots de terrains à vendre sur Diamniadio ,13000000,sur Diamniadio,https://dakarvente.com/media/annonces/pics/thumbs/c9b417bee15dc79a5a5d8ee839e860ac.jpeg
489,Terrain de 300 mètres carrés à Malicounda,7500000,à Malicounda,https://dakarvente.com/media/annonces/pics/thumbs/a3fe0bfc8193a45f34719745a6005594.jpg
490,Terrain 225 mètres carrés à Nguékhokh ,4000000,à Nguékhokh,https://dakarvente.com/media/annonces/pics/thumbs/74d998ecf21e92bbf9c76954dcc80af8.jpg
491,terrain de 500 mètres carrés,35000000,mètres carrés,https://dakarvente.com/media/annonces/pics/thumbs/f534789b71ce42580f0ff73f4d35f27c.png
492,Terrain 1000 mètres carrés à Ndiorokh ,15000000,à Ndiorokh,https://dakarvente.com/media/annonces/pics/thumbs/94870537360ab946f0012c4410872179.jpg
493,TF 150m² Almadies 2,35000000,Almadies 2,https://dakarvente.com/media/annonces/pics/thumbs/0062e1a901d33adc8570873a9969f7aa.jpg
494,Terrains à vendre à Diamniadio PUD,13000000,Diamniadio PUD,https://dakarvente.com/media/annonces/pics/thumbs/25f4d99f51b01fd92b8d84bcccc28743.jpeg
495,terrain de 600 mètres carrés,35000000,mètres carrés,https://dakarvente.com/media/annonces/pics/thumbs/4786f70ac0a45440c75d407fe32f027a.png
496,Terrain 600 mètres carrés à Malicounda ,10000000,à Malicounda,https://dakarvente.com/media/annonces/pics/thumbs/078e8024d8f41c873fa9863154e88f1b.jpg
497,Terrains à vendre à Diamniadio titre bail,13000000,titre bail,https://dakarvente.com/media/annonces/pics/thumbs/178b56a0d107404c2a4b13ac0acaaf8d.jpg
498,Terrain à vendre,110000000,à vendre,https://dakarvente.com/media/annonces/pics/thumbs/971ede037465eb01a890cae6b088f565.jpg
499,Terrain de 450 m2,15000000,450 m2,https://dakarvente.com/media/annonces/pics/thumbs/44dc67ee58b97f13d856119bbb11c21e.jpg
500,Terrain 600m2 à vendre à Liberté 6,400000000,Liberté 6,https://dakarvente.com/media/annonces/pics/thumbs/c3cb86a2be8f75c47ecf007969196f6e.jpg
501,Vente de terrain ,6500000,de terrain,https://dakarvente.com/media/annonces/pics/thumbs/330c08fb8756258b7ab6bed51849ae2a.png
502,terrain de 271 metres carrés,10000000,metres carrés,https://dakarvente.com/media/annonces/pics/thumbs/93ae0e09d679b91fd1c181947a5c7d75.jpg
503,Terrain Délibération,1800000,Terrain Délibération,https://dakarvente.com/media/annonces/pics/thumbs/99fe58c0b4ca2905f96e3ae60ff22168.jpg
504,Terrain nu,8000000,Terrain nu,https://dakarvente.com/img/nophoto.png
505,TERRAIN À VENDRE DIAMNIADIO ,18000000,VENDRE DIAMNIADIO,https://dakarvente.com/media/annonces/pics/thumbs/5908579b79f37051013f08d9498567be.jpeg
506,TERRAIN VIABILISE A VENDRE A NIAGUE,12500000,A NIAGUE,https://dakarvente.com/media/annonces/pics/thumbs/4d621e197f9ac682967ca7696ab8810b.jpg
507,Terrain 300 mètres carrés à Saly ,21000000,à Saly,https://dakarvente.com/media/annonces/pics/thumbs/837309c628348bd294fc124a9c245a49.jpg
508,TERRAIN A VENDRE,45,A VENDRE,https://dakarvente.com/media/annonces/pics/thumbs/5673e839761eb9857da0adb3a746b1dd.jpeg
509,Terrains 300m2 Angle Ndayane 100m du Port ,5500000,du Port,https://dakarvente.com/media/annonces/pics/thumbs/7a5b7de7a696781ecb8be96508786008.jpg
510,"Terrain de 425m² à vendre à Keur Massar, Cité Wardini",25000000,Cité Wardini,https://dakarvente.com/media/annonces/pics/thumbs/0c2329d81f9178c813418458e76393bd.jpg
511,Terrain Délibération,1800000,Terrain Délibération,https://dakarvente.com/media/annonces/pics/thumbs/cfaf893bdd80396c56c9b2a4093ea60e.jpg
512,VILLA A DEMOLIR A VENDRE A SCAT URBAM,140000000,SCAT URBAM,https://dakarvente.com/img/nophoto.png
513,TERRAIN A VENDRE A LA ZONE INDUSTRIELLE DE DIAMNIADIO,15000,DE DIAMNIADIO,https://dakarvente.com/img/nophoto.png
514,2 TERRAINS A VENDRE DE 150 m2 A GOROME 2 PREMIER POSITION,7000000,PREMIER POSITION,https://dakarvente.com/img/nophoto.png
515,TERRAIN A VENDRE A PETIT MBAO AVEC FONDATION R+3,20000000,FONDATION R+3,https://dakarvente.com/img/nophoto.png
516,Terrain à vendre dans une cité fermée à Niague,12700000,à Niague,https://dakarvente.com/media/annonces/pics/thumbs/4ee9d5d499f6b0bb96130464c8b8f966.jpg
517,vente des terrains à NDIAKHIRATE à la sortie 10,12500000,sortie 10,https://dakarvente.com/media/annonces/pics/thumbs/990b2cfd119e2952fddfbdb9d4b70df1.jpg
518,Terrain 200 mètres carrés à Mbour ,3700000,à Mbour,https://dakarvente.com/media/annonces/pics/thumbs/5307962d080554e4682df621d436601c.jpg
519,Terrain 1800 mètres carrés à Gandigal ,24000000,à Gandigal,https://dakarvente.com/media/annonces/pics/thumbs/62384ef0e622808977ae9be461ffd9c4.jpg
520,Terrain + gros oeuvre à 50m de la mer Petite Côte,32000000,Petite Côte,https://dakarvente.com/media/annonces/pics/thumbs/e42be8ca4b808be86af22031c32f3482.jpg
521,Terrain à vendre Thiès Popenguine,5000000,Thiès Popenguine,https://dakarvente.com/img/nophoto.png
522,Terrain 500 mètres carrés à Gandigal ,9500000,à Gandigal,https://dakarvente.com/media/annonces/pics/thumbs/14067c840e26acb914b856dc0dc72158.jpg
523,Terrain 300 mètres carrés à Saly ,21000000,à Saly,https://dakarvente.com/media/annonces/pics/thumbs/ad7e85d41f6318349b5d91575b7b1ab0.jpg
524,Terrains 225 mètres carrés à Babel ,1800000,à Babel,https://dakarvente.com/media/annonces/pics/thumbs/213795f5523c348cb608381958f794a0.jpg
525,TERRAINS A LA SORTIE DE BARGNY ET A TOUBA,500000,A TOUBA,https://dakarvente.com/media/annonces/pics/thumbs/c2eb41ca9057814f42ccd36c9a09686a.jpg
526,Terrain 300 mètres carrés à Gandigal ,5000000,à Gandigal,https://dakarvente.com/media/annonces/pics/thumbs/6e8cd492b2327bd5c02a5192e114d1c8.jpg
527,Terrain 1200 mètres carrés,7500000,mètres carrés,https://dakarvente.com/media/annonces/pics/thumbs/b3800f0f5f3ce9c86048c0ab2aa878d5.jpg
528,Terrain à vendre à popenguine derrière la mairie,4500000,la mairie,https://dakarvente.com/media/annonces/pics/thumbs/e567706d9de808cb62369588850b0fcf.jpg
529,TERRAIN DE 225 M²,120000000,225 M²,https://dakarvente.com/media/annonces/pics/thumbs/72724d2d09a0e6d45d8c6bfcdaee874d.jpg
530,TERRAIN À VENDRE,300000000,À VENDRE,https://dakarvente.com/media/annonces/pics/thumbs/c4aaa5d98dc9957478035afcc3eee55d.jpg
531,TERRAIN À VENDRE AVENUE BOURGUIBA,900000000,AVENUE BOURGUIBA,https://dakarvente.com/media/annonces/pics/thumbs/3455816970bd14b113efa9a5cee212a5.jpg
532,TERRAIN DE 200 M²,105000000,200 M²,https://dakarvente.com/media/annonces/pics/thumbs/c11647d1453371b87c6ae0a3592acef4.jpg
533,Terrains bail à popenguine-ndayane,5000000,à popenguine-ndayane,https://dakarvente.com/media/annonces/pics/thumbs/56d7ebd8dca4db3d00002888d56eaf2b.jpg
534,Terrain 1000 mètres carrés à Malicounda ,7000000,à Malicounda,https://dakarvente.com/media/annonces/pics/thumbs/60de61cd227a6a7380167334a7f5c88e.jpg
535,Milenium City : terrains viabilisés titre foncier,12700000,titre foncier,https://dakarvente.com/media/annonces/pics/thumbs/8932961d83b188bd475bb327eadb9d4e.jpg
536,Terrain 160m2 Niague moins 200m Route ,3500000,200m Route,https://dakarvente.com/media/annonces/pics/thumbs/0a0612f9a6e78dd2287172b9ed425f9e.png
537,Terrain 450 mètres carrés à Saly ,12000000,à Saly,https://dakarvente.com/media/annonces/pics/thumbs/c7165c06a432adfe5ab4ee0e62cc2e84.jpg
538,Terrain 300 mètres carrés à Saly ,8000000,à Saly,https://dakarvente.com/media/annonces/pics/thumbs/ea643e1b7f30c93b5809ec6d7a8c73c9.jpg
539,Terrain 450 mètres carrés à Saly ,25000000,à Saly,https://dakarvente.com/media/annonces/pics/thumbs/954ceb2792381a666026ac5c866dac0a.jpg
540,Terrain à vendre,200000000,à vendre,https://dakarvente.com/media/annonces/pics/thumbs/c29b801a46ba5ede51a48117375cc624.jpg
541,Vente de terrains - Parcelles,,- Parcelles,https://dakarvente.com/media/annonces/pics/thumbs/24d68f8d1d0fa2333b77afc78b440581.jpg
542,Terrains 225m2 Thiés Thiaoune Bambara,350000,Thiaoune Bambara,https://dakarvente.com/media/annonces/pics/thumbs/bdf992885c500466595cc6561c93b60f.jpg
543,Terrains à vendre ,18000000,à vendre,https://dakarvente.com/media/annonces/pics/thumbs/3926d8000d016c03926da40cf99f7211.png
544,Terrain 300 mètres carrés à Gandigal ,7000000,à Gandigal,https://dakarvente.com/media/annonces/pics/thumbs/e116bad26eb5c19b7800cdd7068d99b1.jpg
545,Terrain titre foncier,8000000,titre foncier,https://dakarvente.com/media/annonces/pics/thumbs/2330ea15647b5dfadb5bb533b55be730.png
546,Villa à vendre,130000000,à vendre,https://dakarvente.com/media/annonces/pics/thumbs/65299759a411ca816b1073aad14a6fb0.jpg
547,Terrains 150m2 TF Kounoune2 ,7500000,TF Kounoune2,https://dakarvente.com/media/annonces/pics/thumbs/095f3e3c70115b921a5ebf3c1c2ee3d9.jpg
548,Terrain 300 mètres carrés à Saly ,15000000,à Saly,https://dakarvente.com/media/annonces/pics/thumbs/f852903c2f6cfe066875b327c974bf95.jpg
549,TERRAIN À VENDRE,85000000,À VENDRE,https://dakarvente.com/media/annonces/pics/thumbs/92779aa47949d508b5796fd735797a82.jpg
550,Terrain à Vendre,95000000,à Vendre,https://dakarvente.com/media/annonces/pics/thumbs/b9ff3a8c0f228cec8244b8480b2cfc22.jpeg
551,CARRIÈRE DE BÉTON ET SILEX A VENDRE A MBORO,1967871000,A MBORO,https://dakarvente.com/media/annonces/pics/thumbs/52428c7d21f49db71f0111625597f773.jpg
552,Terrain 300 mètres carrés à Saly ,12000000,à Saly,https://dakarvente.com/media/annonces/pics/thumbs/c8461d4825e7621022e2c781e1a89736.jpg
553,Terrain 150m2,10000000,Terrain 150m2,https://dakarvente.com/media/annonces/pics/thumbs/743f1ebcca83f596a61353b66a6f02ef.jpeg
554,Terrains TF individuel à Ndiakhirate ,12500000,à Ndiakhirate,https://dakarvente.com/media/annonces/pics/thumbs/7284ef49f130558b55eb61dafef7fca7.jpg
555,Terrain à vendre à Zac mbao,22000000,Zac mbao,https://dakarvente.com/media/annonces/pics/thumbs/94fc892a4db32bc2aa6e22020b0ba99e.jpeg
556,Terrain 300 mètres carrés à Mbour ,12000000,à Mbour,https://dakarvente.com/media/annonces/pics/thumbs/d5d401fb75f952a92b2790dd5ed111b7.jpg
557,Terrain viabilisé à  Niague,11900000,à Niague,https://dakarvente.com/media/annonces/pics/thumbs/089fc9f72257b69573bbfde8bc618b82.jpeg
558,Terrain 110000 mètres carrés à Mbodiéne ,700000000,à Mbodiéne,https://dakarvente.com/media/annonces/pics/thumbs/0794d6db2ebb317ea9e5880c6d34783f.jpg
559,Terrain viabilisé au NIAGA NACOURAP,11900000,NIAGA NACOURAP,https://dakarvente.com/media/annonces/pics/thumbs/3dc73a6e013d439493bba97f46ea19de.jpg
560,Terrain 600 mètres carrés à Malicounda ,8500000,à Malicounda,https://dakarvente.com/media/annonces/pics/thumbs/ab14ad0ab264511ce8cfc91ab701911a.jpg
561,TERRAIN DE 500M2 A NDOYENNE EXTENTION,3500000,NDOYENNE EXTENTION,https://dakarvente.com/media/annonces/pics/thumbs/f8b2391e74055fd54c706995a8f7ea72.jpeg
562,Terrain 225m2 Diass Kiréne Coté lycée ,2700000,Coté lycée,https://dakarvente.com/media/annonces/pics/thumbs/aaaf5d5ffb6079007f9218565ac0fb72.jpg
563,Terrain 300 mètres carrés à Saly ,25000000,à Saly,https://dakarvente.com/media/annonces/pics/thumbs/f5d050c59ba99ed5c85f2194b33017d6.jpg
564,Terrain 450 mètres carrés à Nguérigne ,17000000,à Nguérigne,https://dakarvente.com/media/annonces/pics/thumbs/26b86da05abdcf4395d1f648bf3fa7c3.jpg
565,Terrain à vendre,8000000,à vendre,https://dakarvente.com/media/annonces/pics/thumbs/267c4f76aac024d43cdf2b6a5398715a.jpeg
566,Terrain 600 mètres carrés à Nguérigne ,19000000,à Nguérigne,https://dakarvente.com/media/annonces/pics/thumbs/a025927cf9c9d9e84ef784c3424f8f67.jpg
567,Terrain 1500 mètres carrés à Nguérigne ,39000000,à Nguérigne,https://dakarvente.com/media/annonces/pics/thumbs/851e6af0180dc592a4025097653075df.jpg
568,Terrain 1600 mètres carrés à Saly  ,70000000,à Saly,https://dakarvente.com/media/annonces/pics/thumbs/5117b8d0df4249c3573cde46de90df40.jpg
569,TERRAIN À VENDRE ,85000000,À VENDRE,https://dakarvente.com/media/annonces/pics/thumbs/173ccf6c5c30f77cd0167ae44e248723.jpg
570,Terrain 400 mètres carrés à Saly ,22000000,à Saly,https://dakarvente.com/media/annonces/pics/thumbs/7e47f02afb865837e2850f3db112f271.jpg
571,Terrain 4000 mètres carrés à Saly ,292000000,à Saly,https://dakarvente.com/media/annonces/pics/thumbs/07a33799bef20a8a96833949da9f0d69.jpg
572,Trois(3) terrains collés à vendre Bambilor,4500000,vendre Bambilor,https://dakarvente.com/media/annonces/pics/thumbs/b975b5c3aacc03085212f3db5dc2090d.png
573,Terrain de 370m² en vente sur Saly niakhniahal,45000000,Saly niakhniahal,https://dakarvente.com/media/annonces/pics/thumbs/7f11f080a0e1ac3168df818652472337.jpg
574,Terrain 1900 mètres carrés à Saly ,30000000,à Saly,https://dakarvente.com/media/annonces/pics/thumbs/ee64c7a1ca26d0d0c40c4933de6a926a.jpg
575,Terrains TF Indiv Bayakh Face du Lycée ,4500000,du Lycée,https://dakarvente.com/media/annonces/pics/thumbs/452af8662e74164dd70c5af02068ed09.png
576,Terrains  bambilor derrière Cité CDC,2500000,Cité CDC,https://dakarvente.com/media/annonces/pics/thumbs/e1730d87a1535c29eeb820178f0ef6fa.jpg
577,Terrains  kounoune2 non loin école Aliou Sall ,5500000,Aliou Sall,https://dakarvente.com/media/annonces/pics/thumbs/6533a468a3600e6432d66c54559feb71.jpg
578,Terrains TF Indiv en face Cité Hawa D,12500000,Hawa D,https://dakarvente.com/media/annonces/pics/thumbs/9a34cbe35766c623e6975017823ab570.jpg
579,Terrains TF Indiv Kounoune2 face Ecole Aliou Sall,12500000,Aliou Sall,https://dakarvente.com/media/annonces/pics/thumbs/353d456d18038eb3dcd0cbc019571030.png
580,Terrain 400m2 À DIASS ,3500000,À DIASS,https://dakarvente.com/media/annonces/pics/thumbs/6cc6ffe82e013b8dac9554848acf56b8.jpg
581,Terrains Angle 300m2 À Diass,3000000,À Diass,https://dakarvente.com/media/annonces/pics/thumbs/be1f3195cc20f7051ccf0b0d497b0555.jpg
582,OPPORTUNITÉ À SAISIR  TERRAIN À VENDRE AUX MAMELLES,250000000,AUX MAMELLES,https://dakarvente.com/media/annonces/pics/thumbs/55242bd8d658c5e572a1cf199861c3fe.jpg
583,Terrains de 1000m² en vente sur Guering,45000000,sur Guering,https://dakarvente.com/media/annonces/pics/thumbs/ac755786f08e08f909766131499dcf64.jpg
584,Terrains 225 mètres carrés à Saly ,7000000,à Saly,https://dakarvente.com/media/annonces/pics/thumbs/7edcedb739d4a3d533e3bd2a0510b025.jpg
585,terrain au SM city de NIAGUE,12600000,de NIAGUE,https://dakarvente.com/media/annonces/pics/thumbs/08e0136ba5d8254c5ded73d450cf4e2f.jpg
586,Terrains Mbodiéne à vendre,12000000,à vendre,https://dakarvente.com/media/annonces/pics/thumbs/870a775facd2cf6a713ee8e8140c8531.jpg
587,Opportunité à saisir Terrain de 155m2,85000000,de 155m2,https://dakarvente.com/media/annonces/pics/thumbs/fd35323fe334bc35bc7d8991039c67aa.jpeg
588,Terrains de 300m² en vente sur Saly Joseph,11000000,Saly Joseph,https://dakarvente.com/media/annonces/pics/thumbs/60fa8108d4a58b5428e51dc9fa67371b.jpg
589,Terrain à Popenguine Ndayanne ,5000000,Popenguine Ndayanne,https://dakarvente.com/media/annonces/pics/thumbs/b4f0c2d47b127fe4387810a9e37d1d2f.jpeg
590,TERRAINS A VENDRE,19000000,A VENDRE,https://dakarvente.com/media/annonces/pics/thumbs/2325ba3d2f256a55b54a941a3e848e76.jpg
591,Terrain titre foncier à Guédiewaye,32000000,à Guédiewaye,https://dakarvente.com/media/annonces/pics/thumbs/589064dc7d508e6bfe33b9080bdfb506.jpeg
592,Terrain à vendre,6000000,à vendre,https://dakarvente.com/media/annonces/pics/thumbs/3ce96511e65d812681ee44c37e50f392.jpg
593,Terrain à vendre à 1km du futur port de Ndayanne ,5000000,de Ndayanne,https://dakarvente.com/media/annonces/pics/thumbs/1865a5d642f9a97b3aaca77c346ea695.jpeg
594,Terrain à Vendre à Diamniadio,5000000,à Diamniadio,https://dakarvente.com/media/annonces/pics/thumbs/a8a88835c9aeed72af38ba8efecafc32.jpg
595,Terrain à vendre ,30000000,à vendre,https://dakarvente.com/media/annonces/pics/thumbs/6e4f8b054b6dcc288342ce8623d80991.jpeg
596,Terrain 300 mètres carrés à Saly ,17000000,à Saly,https://dakarvente.com/media/annonces/pics/thumbs/159d33b39712ed0d0bdd6b27fac8b67c.jpg
597,Terrain à vendre,85000000,à vendre,https://dakarvente.com/media/annonces/pics/thumbs/1930a27ebded4cc85e498ce950807aac.jpeg
598,Terrain a vendre,10000000,a vendre,https://dakarvente.com/media/annonces/pics/thumbs/4d7ed97b604edadb6fdfe68c574b850e.jpeg
599,Terrain 600 mètres carrés à Gandigal ,12000000,à Gandigal,https://dakarvente.com/media/annonces/pics/thumbs/0b7b97dadc1027db3d7c803145da5121.jpg
600,Terrain 450 mètres carrés à Saly ,13500000,à Saly,https://dakarvente.com/media/annonces/pics/thumbs/a5534c3be5cf84d8b342a20a7e038348.jpg
601,COOPÉRATIVE D'HABITAT ET VENTE DE TERRAIN MOINS CHERS,850000,MOINS CHERS,https://dakarvente.com/media/annonces/pics/thumbs/f1fa6ac810598a7456e6467b68dfc539.jpg
602,Terrain 600 mètres carrés à Saly ,50000000,à Saly,https://dakarvente.com/media/annonces/pics/thumbs/d460bc1b56449d2b65b9fad1d639aa25.jpg
603,COOPÉRATIVE D'HABITAT ET VENTE DE TERRAIN MOINS CHERS,850000,MOINS CHERS,https://dakarvente.com/media/annonces/pics/thumbs/07efc5af4dc9d786fb715a282a72aad4.jpg
604,Terrain de 150 m² à Kounoune,12000000,à Kounoune,https://dakarvente.com/media/annonces/pics/thumbs/cda2fb50cc40fcff9dc77dcc199906a8.jpg
605,Terrain 10500 mètres carrés à Nguékhokh ,17000000,à Nguékhokh,https://dakarvente.com/media/annonces/pics/thumbs/a9f0a690ca4ec41385a9a640f15a8dc6.jpg
606,Vente de parcelle et terrains,12500000,et terrains,https://dakarvente.com/media/annonces/pics/thumbs/8b977a8ff7a6edc842150e555fcdfd13.jpg
607,Terrain à Vendre à la Corniche de Fann Résidence,2147483647,Fann Résidence,https://dakarvente.com/img/nophoto.png
608,DES TERRAINS A VENDRE KALIMO CITY DE NDIAKHIRATE ,12500000,DE NDIAKHIRATE,https://dakarvente.com/media/annonces/pics/thumbs/9cea1a76493e4f9e2d0eba016820d269.jpeg
609,Terrain 300 mètres carrés à Malicounda ,6000000,à Malicounda,https://dakarvente.com/media/annonces/pics/thumbs/8555ef8c8e68998cc8da8fee96a20adb.jpg
610,Terrain 300 mètres carrés à Saly ,16500000,à Saly,https://dakarvente.com/media/annonces/pics/thumbs/b6a91b8b0b7fce533727f5a78f45a698.jpg
611,Terrain à vendre à Ouest foire,62000000,Ouest foire,https://dakarvente.com/media/annonces/pics/thumbs/32668600dbbdab099be4fbf7f42fed7d.jpg
612,Vente terrain Saint Louis ,3000000,Saint Louis,https://dakarvente.com/media/annonces/pics/thumbs/7dd746564b273e9668c9bc61fbb8069d.jpeg
613,Terrain 225 mètres carrés à Malicounda ,1327000,à Malicounda,https://dakarvente.com/media/annonces/pics/thumbs/c9c392ac4c26f73d7baf1d4a58044c9d.jpg
614,Terrain 3000 mètres carrés à Saly ,120000000,à Saly,https://dakarvente.com/media/annonces/pics/thumbs/e0dda40ca8fa9231736a9e5c4b863d4d.jpg
615,Terrain 1000 mètres carrés à Saly ,40000000,à Saly,https://dakarvente.com/media/annonces/pics/thumbs/0bd39630c0855d5218cc74914fd88b77.jpg
616,Terrain 950 mètres carrés à Ngaparou ,55000000,à Ngaparou,https://dakarvente.com/media/annonces/pics/thumbs/88ad9814bd7fbe16c266372e7c8f122a.jpg
617,Terrain 300 mètres carrés à Saly ,22000000,à Saly,https://dakarvente.com/media/annonces/pics/thumbs/2cb9a3eee4f4cbd481c1e2c4e2f18358.jpg
618,Terrain à vendre à Bambilor,2000000,à Bambilor,https://dakarvente.com/media/annonces/pics/thumbs/ccbafdec9a53ee91cf985854fb2b6165.jpg
619,Terrain 400 mètres carrés à Malicounda ,8000000,à Malicounda,https://dakarvente.com/media/annonces/pics/thumbs/1de2a70dfa40d498a5c321c1009ed128.jpg
620,Terrain à vendre,1380000000,à vendre,https://dakarvente.com/media/annonces/pics/thumbs/e6d2fe6aa7b26335bba621d921ec9c89.jpg
621,Terrain près du nouveau port ,3000000,nouveau port,https://dakarvente.com/img/nophoto.png
622,Terrains À Diass ,4000000,À Diass,https://dakarvente.com/media/annonces/pics/thumbs/5409c9aa9be51b90a4e928f426aedd71.jpeg
623,Surface de 4 hectares en vente sur Sandiara,10000000,sur Sandiara,https://dakarvente.com/media/annonces/pics/thumbs/6a93522da380e6f976e5344434c266a1.jpg
624,Terrain 600 mètres carrés à Gandigal ,10000000,à Gandigal,https://dakarvente.com/media/annonces/pics/thumbs/888fe4be377701d56fd4d118a04441fa.jpg
625,Terrain 300 mètres carrés à Mbour ,8000000,à Mbour,https://dakarvente.com/media/annonces/pics/thumbs/d35afd4f81fb8f3ef26d5fd748528b36.jpg
626,Terrains 300 mètres carrés à Malicounda ,3000000,à Malicounda,https://dakarvente.com/media/annonces/pics/thumbs/aa8b4e0c3bafea4b9486ae290a67e4ef.jpg
627,Terrain 300 mètres carrés à Mbour ,12000000,à Mbour,https://dakarvente.com/media/annonces/pics/thumbs/cf4dc8d067119a6e88c1cdedda7f5597.jpg
628,"À vendre terrain TF individuel, Rufisque (sortie 9, Sédima)",15900000,"9, Sédima)",https://dakarvente.com/media/annonces/pics/thumbs/52c08e91689a12aa088f25ac7e39d700.jpg
629,Terrain 300 mètres carrés à Saly ,8000000,à Saly,https://dakarvente.com/media/annonces/pics/thumbs/265aacf7392937b35e2970bb69572189.jpg
630,Terrain 300 mètres carrés à Saly ,20000000,à Saly,https://dakarvente.com/media/annonces/pics/thumbs/f2d6f1b1adcdd09a98c11a2bb4a8d613.jpg
631,Terrain 1 hectare à Mbourokh Toucouleur ,7000000,Mbourokh Toucouleur,https://dakarvente.com/media/annonces/pics/thumbs/1a626221698246ee0354ca7c72a72084.jpg
632,Terrain 1 hectare à Mbourokh Cissé ,6000000,Mbourokh Cissé,https://dakarvente.com/media/annonces/pics/thumbs/2ee9ca2710029bfb9cb392d6842a447e.jpg
633,Terrain 600 mètres carrés à Saly ,28000000,à Saly,https://dakarvente.com/media/annonces/pics/thumbs/3613996d6e62e318edae0dec22ee7cb6.jpg
634,Vente de terrain,450000000,de terrain,https://dakarvente.com/media/annonces/pics/thumbs/9bb4b3adbbc9ec3081ad3b01cc69242c.jpeg
635,Terrain à Keur Massar,8500000,Keur Massar,https://dakarvente.com/media/annonces/pics/thumbs/da7efb64e8bb721d8992ad12f1d800d4.jpeg
636,Vente de terrain sécurisés à Dakar et Thiès am keur bou weur té garantie,600000,té garantie,https://dakarvente.com/media/annonces/pics/thumbs/ccfc7e4b49c1a5975709ccc64ec24bc7.jpg
637,Lot de 100 parcelles TF,5000000,parcelles TF,https://dakarvente.com/img/nophoto.png
638,TERRAIN A MBAO,18000000,A MBAO,https://dakarvente.com/media/annonces/pics/thumbs/af8f7e361b498fa444adc8ed01046f7d.jpg
639,Terrain nues à vendre ,,à vendre,https://dakarvente.com/media/annonces/pics/thumbs/427131ccea27c08a0bd850fcd65d8e22.jpg
640,Terrain de 300 mètres carrés à Malicounda ,2000000,à Malicounda,https://dakarvente.com/media/annonces/pics/thumbs/5274f5bf79beda9148d48ec175830424.jpg
641,Terrain 450 mètres carrés délibération à Saly,12000000,à Saly,https://dakarvente.com/media/annonces/pics/thumbs/2d251f6e04c561a509e5e714b16f2059.jpg
642,Terrain 1 hectare à Mbourokh ,6000000,à Mbourokh,https://dakarvente.com/media/annonces/pics/thumbs/5fc2ce816b25b8c051e23406b10292e7.jpg
643,Terrain 300 mètres carrés à Ngaparou ,12000000,à Ngaparou,https://dakarvente.com/media/annonces/pics/thumbs/558dd837c01b6992838622a240f5553f.jpg
644,Terrains 225 mètres carrés à Malicounda ,1250000,à Malicounda,https://dakarvente.com/media/annonces/pics/thumbs/03ceaadfb858895d9eeb5860011fb29b.jpg
645,Terrain 600 mètres carrés bail à Saly ,20000000,à Saly,https://dakarvente.com/media/annonces/pics/thumbs/bf46d820001ae76c911475558545bf00.jpg
646,Terrains 300 mètres carrés à Malicounda ,2500000,à Malicounda,https://dakarvente.com/img/nophoto.png
647,Terrains 300 mètres carrés à Ndayane,5000000,à Ndayane,https://dakarvente.com/img/nophoto.png
648,TERRAIN A VENDRE AUX MAMELLES CITE MBACKYOU FAYE ,250000000,MBACKYOU FAYE,https://dakarvente.com/img/nophoto.png
649,Vente de carrière en latérite,40000000,en latérite,https://dakarvente.com/img/nophoto.png
650,Vente de carrière en calcaire,1500000000,en calcaire,https://dakarvente.com/img/nophoto.png
651,TERRAIN A VENDRE A YOFF HANGAR DES PÈLERINS,80000000,DES PÈLERINS,https://dakarvente.com/img/nophoto.png
652,TERRAIN A VENDRE,115000000,A VENDRE,https://dakarvente.com/img/nophoto.png
653,TERRAIN A VENDRE AUX ALMADIES ,100000000,AUX ALMADIES,https://dakarvente.com/img/nophoto.png
654,Terrain à vendre,5000000,à vendre,https://dakarvente.com/img/nophoto.png
655,Terrain 380 mètres carrés délibération à Saly ,14000000,à Saly,https://dakarvente.com/img/nophoto.png
656,Terrain 225 mètres carrés à Saly ,7000000,à Saly,https://dakarvente.com/img/nophoto.png
657,Terrain à vendre,1000000,à vendre,https://dakarvente.com/img/nophoto.png
658,Terrain à vendre,3000000,à vendre,https://dakarvente.com/img/nophoto.png
659,Terrain à vendre,75000000,à vendre,https://dakarvente.com/img/nophoto.png
660,Terrains de 300 mètres carrés à Malicounda ,3000000,à Malicounda,https://dakarvente.com/img/nophoto.png
661,Terrain 225 mètres carrés délibération à Gandigal ,2500000,à Gandigal,https://dakarvente.com/img/nophoto.png
662,Terrain à vendre ,2500000,à vendre,https://dakarvente.com/img/nophoto.png
663,Terrain 450 mètres carrés délibération à Gandigal ,5000000,à Gandigal,https://dakarvente.com/img/nophoto.png
664,Terrain de 600 mètres carrés délibération à Saly ,37000000,à Saly,https://dakarvente.com/img/nophoto.png
665,Terrain de 1000 mètres carrés délibération à Ngaparou ,150000000,à Ngaparou,https://dakarvente.com/img/nophoto.png
666,Terrain de 400 mètres carrés délibération à Saly ,6500000,à Saly,https://dakarvente.com/img/nophoto.png
667,Terrain de 744 mètres carrés délibération à Ngaparou ,27000000,à Ngaparou,https://dakarvente.com/img/nophoto.png
668,Terrain de 600 mètres carrés à Somone ,35000000,à Somone,https://dakarvente.com/img/nophoto.png
669,Terrain à vendre,11000000,à vendre,https://dakarvente.com/img/nophoto.png
